transaction_id,customer_id,amount,timestamp,merchant
66f19b8c-26c9-41b1-a8cb-872d86da32f7,C32867,208.31,2026-02-16T03:25:59.843421,STORE_19
205876df-353c-4326-bd16-e5359892bdb7,C54197,146.29,2026-01-11T15:31:55.312363,STORE_24
d18dcb3a-bb87-4df6-8cb9-5338a36900c1,C77369,54.62,2026-02-18T07:46:32.600172,STORE_40
db215f93-b01a-4e9d-85b5-c37c1889e3bf,C95211,48.48,2026-01-06T16:43:58.600181,STORE_24
e503ce40-71d1-486f-b6d2-6a4afdd22260,C48100,317.73,2026-01-19T22:12:21.197702,STORE_41
916d194b-5959-4786-9853-9412a4c07af1,C57704,495.64,2026-01-31T22:54:34.972691,STORE_27
0808353d-3874-4bb8-9df5-fb55b1007892,C44560,80.33,2026-02-08T00:17:16.880800,STORE_15
DUPLICATE-ID,C91697,89.8,2026-01-06T13:27:59.976830,STORE_41
6028fee1-9b02-45de-a035-d17aa76fbb5d,C53624,-35.09,2026-02-14T16:50:55.372832,STORE_3
7e285e6b-f00f-42f7-a3b1-68888d1576ae,C78432,458.45,2026-02-16T23:48:44.670240,STORE_1
45133bd5-7128-4382-bdfc-1b4394f921d1,C55482,316.75,2026-01-10T06:47:47.925142,STORE_20
404cd87d-a85e-4e15-b748-c8e7abc2a354,C27085,105.1,2026-02-01T12:55:06.718762,STORE_6
30f14b80-344a-4a1e-bc11-e6bce0145543,C79778,345.91,2026-01-11T09:17:03.967698,STORE_1
d09b6825-787f-4428-9968-9e235d297aa7,C54043,450.56,2026-01-14T05:44:31.700627,STORE_39
749db25a-027a-49f8-8bd7-1d08ddcf403c,C34211,482.55,2026-01-24T03:40:09.184121,STORE_10
ed19edeb-05e3-4652-82ff-a37317646377,C20134,230.33,2026-01-14T08:28:24.413495,STORE_12
86a33cff-2208-4264-8f1e-e324580a0220,C48678,4.53,2026-01-13T12:01:02.072692,STORE_28
8f9bfdf9-f6e4-4179-ac19-33d1b324a6ce,C92180,103.12,2026-01-29T21:14:47.392316,STORE_3
369404df-0558-42d5-82db-65c9075466e1,C33303,6.4,2026-01-24T15:02:46.759485,STORE_25
0b782253-da8b-42b8-8d95-b26e269e9c5e,C38865,162.37,2026-01-03T06:58:55.619379,STORE_3
9a5ca4b9-0877-45fa-9db0-f34c9dbc2e61,C83783,110.31,2026-01-18T05:45:17.943339,STORE_8
d0a21af6-c6f3-4545-90b0-c446cbc3d3dd,C21365,403.63,2026-01-13T16:45:28.399021,STORE_8
d20a564a-482e-404a-ac96-dbd7acdd0b68,C73597,326.81,2026-01-06T01:12:41.493322,STORE_24
da7df885-d41a-424d-bf05-861ceac6f05e,C32843,242.62,2026-02-01T08:35:46.575549,STORE_40
DUPLICATE-ID,C33519,86.98,2026-02-01T02:04:22.711439,STORE_35
b639a823-c0ef-40ef-8995-6a48066abc0e,C93750,170.68,2026-02-18T04:05:56.002000,STORE_49
2a68e526-fcab-40a0-ad1a-570728a7f671,C99856,238.78,2026-02-15T19:02:20.883792,STORE_45
5de1b8b4-f924-4027-a3a4-62bbaa708972,C78462,377.12,2026-01-14T23:39:36.586872,STORE_36
4a784abd-f7f6-48df-90c1-5e9c972409db,C17473,4.87,2026-02-16T23:54:03.725292,STORE_5
913c7162-4a54-494e-bca4-7cc65e6bb631,C45544,191.81,2026-01-24T20:01:06.326866,STORE_42
DUPLICATE-ID,C67327,244.58,2026-01-11T12:37:45.457268,STORE_19
d2887e27-81a9-461c-a3e6-2e0710da9bb5,C98865,342.58,2026-01-31T11:46:09.894767,STORE_15
804f654d-5949-482f-9018-ec6f1cc4facf,C10959,465.55,2026-01-02T08:19:26.039165,STORE_16
7d8f3f56-2279-4b27-af08-557513e56009,C50496,126.6,2026-01-31T03:35:21.637378,STORE_24
94296a85-09a2-4210-a237-bdb3768e39d2,C80671,29.96,2026-02-11T02:55:09.399471,STORE_13
ab844de6-0bba-4e35-8455-84476f5e5990,C54143,468.34,2026-01-26T08:47:46.770455,STORE_37
fbf38159-20d4-43f3-9416-d6c5e10d0c24,C93028,296.46,2026-01-25T09:35:51.036660,STORE_48
5e51fc3d-838d-4284-b728-0b9a30b9de1a,C93456,258.01,2026-01-17T17:39:04.868644,STORE_10
59dc5a53-2a42-465d-ba8e-69afe5a3b7f0,C26176,473.94,2026-01-28T07:44:57.849848,STORE_17
7d516215-c5e9-4a9d-8ecd-c2c70b711909,C68550,200.55,2026-01-08T23:35:32.409001,STORE_41
c4a9e781-7274-4cc5-8675-3a4847fc9f25,C63342,436.34,2026-02-03T10:49:15.176223,STORE_4
008e12dc-62f7-4d88-a3ba-dec9fe25396b,C53306,384.51,2026-02-06T03:06:23.099320,STORE_1
258bc273-03b5-4325-b9fd-d4ee074cd4ad,C41999,296.25,2026-02-18T05:39:48.013471,STORE_39
6a654592-6f23-4502-add3-2c27093a92b7,C90455,105.53,2026-01-04T22:59:11.236822,STORE_7
97d2ae43-137d-4a98-b1a2-9e4ea42ff50b,C10570,33.44,2026-02-01T22:37:09.676097,STORE_49
62f8b546-ed62-4104-a7f3-53c7e1e3665b,C55330,-12.18,2026-02-01T18:36:02.942965,STORE_41
5ae495ff-41bf-497b-91a9-16ed24ef16c6,C81608,471.07,2026-02-02T06:59:53.420888,STORE_46
DUPLICATE-ID,C15619,410.49,2026-01-06T12:54:53.329330,STORE_32
b243e0e8-9b4b-4831-bd54-214001cde04e,C50161,93.5,2026-01-04T13:00:21.598233,STORE_36
393e9b33-284c-4184-b021-475aeeeb4107,C97050,268.01,2026-01-04T14:32:08.163335,STORE_31
d347515f-e34e-4cae-91cd-ed6d6f325d8a,C25222,239.08,2026-02-11T18:13:13.755853,STORE_34
098ca622-c37c-4d10-9664-915d9caaa48f,C17441,-36.76,2026-02-13T22:49:22.717044,STORE_50
8e21511f-3f9e-4667-825e-9faf5b822bc6,C25939,223.73,2026-01-05T03:04:09.459887,STORE_32
223ff594-eaed-406a-af8f-1e9df16ae978,C75512,480.9,2026-02-08T00:48:10.872913,STORE_47
8e85f789-8595-4361-8527-adec21d92d6c,C29625,109.97,2026-01-27T12:24:55.109549,STORE_42
634c9705-7f7b-4f73-a3ac-4d535f4316f5,C44199,485.74,2026-02-13T23:05:13.509836,STORE_32
dfcecbcc-eecc-4101-b9bd-5c637592a116,C50846,46.73,2026-02-13T12:55:50.758299,STORE_28
d0b86699-a12e-4c69-8cd1-9b1b6cb80e6d,C48801,435.14,2026-01-19T19:29:09.795199,STORE_11
971094bc-cf1e-4ad1-a090-906ecb44d294,C70150,52.44,2026-01-10T18:34:54.981257,STORE_3
c2950f6c-d75b-4b84-9e63-9611aacbf1c8,C20401,-13.78,2026-01-21T07:16:28.816364,STORE_45
9f172d45-26fa-4c76-9179-8185014f055d,C17687,335.17,2026-01-02T20:05:38.160662,STORE_14
929f51c3-1cce-4525-ad33-8f8d89ad2d5c,C47186,126.01,2026-02-08T02:04:52.344805,STORE_30
10c38cc7-0cbd-42a2-94d9-6af371b73c91,C39569,316.76,2026-02-10T13:57:49.122532,STORE_16
c4166581-55e1-4ac2-a3b4-51e54ee36ab8,C27302,74.49,2026-01-14T09:48:53.463092,STORE_38
a27ab39d-dd6b-482e-b553-8e65bac474b7,C74817,424.44,2026-01-25T00:54:56.037000,STORE_4
70007017-b206-4194-ab42-1bf240ac76cd,C40673,22.16,2026-01-02T05:22:27.576637,STORE_8
560636b2-d9cd-4b70-b93e-439831c7b67e,C57732,476.95,2026-01-09T06:11:18.977248,STORE_33
f880a3fe-909a-4c0d-b2f5-1a7665682fc6,C35067,313.45,2026-02-04T09:48:02.685348,STORE_49
bf9391c5-fc66-4ee0-9337-2e6324ef2721,C20184,47.24,2026-01-11T13:00:17.177267,STORE_15
c7f30411-afff-4392-a007-ed2b749e4252,C32687,22.32,2026-01-20T11:58:02.363042,STORE_1
b8257e36-13b6-4f0b-b402-623ec986772f,C26691,234.93,2026-01-19T16:03:30.564101,STORE_50
b889ac98-cee2-445b-9a94-c9c0c5d4f277,C37031,-45.87,2026-01-02T00:01:42.936452,STORE_19
63ae7bc3-8ac4-4045-b011-46307841172e,C27193,403.72,2026-01-16T07:07:56.881365,STORE_25
f2cbfbb1-7b45-4056-8694-dfcb58c860e3,C73266,-2.91,2026-01-03T23:19:42.207841,STORE_37
5b1a0c56-31e1-4399-b8f9-ee5fede64348,C33086,164.67,2026-02-07T01:43:56.182025,STORE_35
f048bd7b-9dc1-4968-a108-bf145861915a,C89171,227.15,2026-02-18T07:35:18.044578,STORE_46
fde2b4ea-72ab-46da-8564-f6f3a9ee0937,C35125,455.14,2026-01-31T19:10:39.200856,STORE_35
b72b7080-51de-4ee4-bb35-f08e55277437,C25750,444.7,2026-02-01T17:44:25.819317,STORE_9
f070a04e-7358-47bb-b0ab-d19a326b3a6b,C81947,211.49,2026-01-16T09:48:58.971004,STORE_6
c3ff3e8d-88af-4232-ace8-a2eca06c475f,C65827,283.23,2026-01-27T15:06:34.353228,STORE_30
68201043-6831-4bf9-ab83-d636256761fa,C34753,353.77,2026-02-12T10:13:31.745221,STORE_41
e9b9ea5b-dc79-49e1-8e46-0542a8d896c5,C17377,467.57,2026-01-11T10:28:45.997844,STORE_8
DUPLICATE-ID,C71324,413.6,2026-02-13T08:21:07.985186,STORE_4
10833f47-92db-466e-b582-19be8d8d1ddb,C29077,109.73,2026-01-28T21:54:06.638728,STORE_28
5783261c-665d-4c52-bf7f-7be35a2ffcdf,C15252,457.14,2026-02-03T08:46:00.052457,STORE_47
49560185-2d17-4fdc-a87d-7f54ea309601,C80875,299.45,2026-01-04T13:35:05.595193,STORE_7
dab635d6-9dea-4daf-8e0f-0fcd77f8ab37,C71757,464.51,2026-02-14T05:46:17.888172,STORE_35
7860c27a-2988-45ff-bed1-759ebccf4805,C51854,486.01,2026-02-15T18:36:02.636389,STORE_10
5a6584a2-3bdd-4c23-bef4-b4e107761cf7,C36358,269.52,2026-01-10T13:13:18.518085,STORE_6
4b507360-a36e-4e9c-bd37-744726051087,C62810,368.58,2026-01-09T08:14:39.171619,STORE_4
DUPLICATE-ID,C92232,140.84,2026-02-13T13:15:37.086030,STORE_38
a5d28ab1-ee0b-412a-9ab8-6a319435030d,C72036,372.35,2026-02-05T23:36:49.757922,STORE_5
fca17292-c608-481f-a80d-d3ed93186474,C81833,314.64,2026-02-07T14:26:18.590118,STORE_21
23f29648-7f40-4328-a31b-a869e500c812,C10194,80.58,2026-02-06T00:10:42.759881,STORE_17
e8767e63-2539-4278-8bdf-f6ea81d598c0,C42545,30.08,2026-01-10T00:36:41.753495,STORE_27
3040d2f8-5df8-4684-84d4-9c3b5c3593a5,C48255,284.54,2026-02-11T20:48:04.650785,STORE_4
6fa3914d-cd7f-44f6-a4f1-d6d8ce09fac1,C57094,-2.55,2026-01-16T12:38:43.391865,STORE_39
c1bdd10c-24bc-4929-9afd-46a3641d9d7e,C25645,215.21,2026-02-12T17:09:39.842242,STORE_6
52f5105f-a4ea-4aaf-9c81-52d5d5cc3541,C63783,60.78,2026-01-23T06:25:51.914528,STORE_6
1fcdb26a-5991-4385-ad62-fcdee138af4a,C76568,-24.13,2026-01-13T21:01:24.129644,STORE_11
9fe8dce3-23f5-4063-a27f-e427ae369539,C71410,206.01,2026-02-02T15:06:25.045231,STORE_34
a664eebe-2c31-4b2c-b9d2-503a1b96f363,C38887,336.43,2026-02-12T15:57:11.366650,STORE_37
79588f6b-69ca-4e94-b30f-16f549c21c89,C66727,245.82,2026-02-10T03:41:54.392623,STORE_16
0809a16d-2a45-4db1-9f6e-8d6b956b4df6,C60653,323.83,2026-02-17T14:45:19.599083,STORE_26
bcd20fcc-7c39-4e99-9be5-e4a41b668997,C22978,198.33,2026-02-13T19:22:39.110684,STORE_5
fddb19da-2900-4ff7-aa31-339b8e9a02bf,C93608,397.15,2026-02-12T09:26:17.283791,STORE_39
24eb27e3-e391-478c-a216-3a55032a0cfa,C47286,115.47,2026-01-14T04:21:21.832351,STORE_14
60941456-fc2c-4d05-b994-8d15081b0ba7,C66135,295.36,2026-01-07T23:17:41.732624,STORE_28
ea4969f2-40ad-4bf3-914f-72434ee612db,C31344,489.19,2026-01-15T13:59:18.244986,STORE_2
22672b72-145b-4375-9f31-c1b0681acf00,C49177,308.65,2026-01-29T21:36:36.917271,STORE_43
983ee122-460e-46e9-834e-a363b7348b0d,C32784,254.55,2026-01-21T14:32:08.174713,STORE_31
6c9084c9-9a0e-4b21-a074-e450a74de3c0,C33993,-20.11,2026-01-01T21:07:08.664326,STORE_43
1de41c28-88be-4402-a34d-3147c0aa8664,C26248,436.1,2026-01-12T12:50:53.803003,STORE_13
e1b6fc29-54df-4ad2-9e60-7499f4fe2530,C29025,84.32,2026-01-18T02:43:13.147965,STORE_37
860a09fd-6553-440d-a411-14bd4ea82755,C83452,-35.8,2026-02-11T10:11:35.865426,STORE_12
fa3532ae-3a0b-438c-a431-072000871ba9,C58372,24.35,2026-01-26T07:53:33.073888,STORE_13
f853e072-f23b-423e-a608-42364ece133a,C42361,-6.4,2026-01-17T05:54:01.862589,STORE_26
e07a45cb-7e5b-4582-a538-c57a4358c5b8,C83008,130.5,2026-02-03T05:13:45.128601,STORE_27
b0935cf3-e69f-4e10-9476-2148d2eebfd7,C37788,153.87,2026-01-18T02:39:55.354318,STORE_37
33656dae-8ca0-45db-b49b-7c6fed4ca7d4,C68246,198.06,2026-01-16T18:48:08.453135,STORE_26
b6bddb56-ef03-457e-9f4b-dab13fa24c1d,C98594,121.1,2026-01-07T11:42:48.780553,STORE_5
41df3e37-745b-4240-84fb-fb363d1c7717,C31210,-39.25,2026-02-09T00:59:27.660583,STORE_34
5044c2d3-bba7-42fd-b7db-bb704d739391,C86764,311.61,2026-01-04T23:37:02.161736,STORE_23
26a709bc-1452-467f-9693-285b19f5edbc,C50525,-4.87,2026-01-28T14:01:36.998578,STORE_8
ca949179-a4d9-4b50-9930-cc58473e1863,C87109,395.7,2026-02-02T13:25:11.696887,STORE_41
a8d253b2-7a6d-41f5-a1cb-6b08d76f1fe4,C73203,414.33,2026-02-03T18:20:08.342657,STORE_18
686809c8-fbb8-4d05-952a-9238f6e89c44,C63966,397.14,2026-01-23T22:02:09.680896,STORE_3
b8513c2b-af9c-4b1a-a24b-5c6d22b54a4f,C94820,176.89,2026-01-11T09:16:04.135689,STORE_6
822e3ef9-61ba-410f-b091-e394a9cd3bf4,C74602,391.01,2026-02-04T09:41:35.827561,STORE_7
41372e7e-6c87-426a-a802-545e2e697565,C77407,181.93,2026-02-04T21:34:02.824469,STORE_34
10263b4f-13df-4895-b6bb-ea2deeadce5b,C10150,193.81,2026-01-06T18:38:46.545074,STORE_18
0134f77d-6096-47eb-9bd0-801c40dea7bc,C17896,492.17,2026-01-08T14:50:26.411646,STORE_33
4bcad39b-b5a4-457d-b63c-c4238bf38e85,C49053,174.04,2026-01-07T13:03:38.448160,STORE_1
1eaf345e-1893-434b-af2f-6409ec0fd5d5,C22938,404.03,2026-01-06T04:38:23.724062,STORE_19
f4b556fc-746d-4895-af8c-96b074a4397c,C31118,365.28,2026-01-28T18:22:50.960092,STORE_12
ec9380cb-dcaa-48de-a3ec-7f32910a3b6f,C86615,379.89,2026-01-18T21:49:46.452204,STORE_28
df6d1a5b-18c2-4525-81a4-d34e0da167f1,C80181,157.55,2026-02-07T22:05:46.581463,STORE_35
1bbc2667-f990-476e-8d69-6d563be2b1aa,C67038,-20.0,2026-01-22T02:47:57.469240,STORE_16
758cfca7-41cd-4fd9-901b-0d9c5fe21104,C75891,-33.68,2026-01-19T04:32:46.272109,STORE_25
763042bc-2606-4964-a2b1-287fefdeb57b,C56668,453.52,2026-02-06T12:50:39.936719,STORE_42
163790f5-cbf1-4a6d-858c-16972e7d8993,C43417,66.61,2026-01-10T18:37:59.515066,STORE_5
ae598b95-5f53-4289-b34c-b68f1718fcff,C59082,122.56,2026-01-05T02:21:58.834875,STORE_28
27998b6e-1aa2-4b54-af05-65ccbfd5d13c,C18376,499.98,2026-01-28T18:47:56.051773,STORE_20
59d3c09f-b17e-4041-97d5-8515abe4d250,C48937,133.42,2026-01-29T01:19:18.999254,STORE_13
bcd52d88-c835-4332-bc67-f06ac014a8d5,C40006,145.34,2026-01-20T19:09:58.414402,STORE_10
c90dd6d2-c61b-419f-8ade-56d1cde7d50e,C23950,7.72,2026-01-30T20:46:32.355824,STORE_9
03f6b1f2-977b-4486-a3a3-0d75aec8c1e7,C69954,429.06,2026-02-07T02:48:02.184195,STORE_46
2bcce8b7-4b7c-4306-b665-e517b914ebc6,C64397,260.25,2026-01-29T08:40:52.621613,STORE_28
20bd1ab9-f7ae-4c00-88f2-d08fff4b1568,C26147,360.13,2026-01-01T05:18:41.676102,STORE_24
73d26389-6f20-4ff6-baec-acde7b965d99,C29993,110.74,2026-01-07T00:18:52.680240,STORE_8
ed587030-6558-48a0-a823-a5abf1aa227f,C71773,363.17,2026-02-03T00:07:57.460900,STORE_10
2202f824-cac6-447a-bf2d-62cebbe84e56,C65886,441.66,2026-02-15T08:09:48.614797,STORE_42
f2a9559b-2532-467c-8c48-240210ba3868,C82753,395.31,2026-02-12T12:54:15.597842,STORE_7
673772d5-a10f-4f52-8179-52243ebb93de,C18018,6.95,2026-01-23T02:03:01.495680,STORE_31
f69ce0b7-1038-4f5f-a51f-d344d10c0251,C49133,252.29,2026-02-17T23:04:28.200089,STORE_7
f72ee34f-302b-4587-a9e5-07bbbde3279e,C90973,426.49,2026-02-17T21:55:51.139827,STORE_5
4f6d22e5-2de5-43c1-846a-5e6879f20be9,C31290,380.18,2026-02-02T11:59:56.261407,STORE_33
DUPLICATE-ID,C86437,125.83,2026-01-23T18:43:39.044569,STORE_31
fe8a1767-093f-475e-b612-6b38ad3fafbe,C48293,445.15,2026-01-20T07:31:06.635487,STORE_9
fe711ed0-c545-40e0-889c-1d45ab09e136,C17705,75.71,2026-01-04T18:07:38.678886,STORE_7
6e381821-00aa-4479-9170-21117f5e6844,C86348,149.65,2026-02-18T10:57:45.647895,STORE_10
752e05d6-b44e-4c85-b6c4-f863552a2146,C62397,428.46,2026-01-10T02:12:19.103304,STORE_7
ae1446fd-b715-4f4c-8bec-1409e29a8f75,C35229,155.21,2026-02-10T16:18:47.038085,STORE_32
2e08416a-f86f-4f03-950b-37ad074aff12,C76392,91.45,2026-01-11T08:46:41.729890,STORE_16
48949203-55ee-4ede-b0b6-17e7369d39af,C84832,375.38,2026-02-09T03:41:45.492634,STORE_34
97411159-523b-4d1b-b9b5-83a9f54a58a3,C81462,126.4,2026-02-10T05:18:59.766550,STORE_7
59d341d1-b920-4592-b00b-b06026c834ae,C41093,226.56,2026-02-01T03:45:50.790402,STORE_50
0d1f5db4-cd09-44fe-87dd-3bde68857abb,C56497,406.33,2026-02-11T01:28:25.947283,STORE_14
3803b53c-e341-4f98-a3a1-432d67391f20,C67275,305.01,2026-01-13T16:27:26.305500,STORE_41
2ac99446-e2e5-4960-877e-9a10b5cc0b1b,C58958,375.65,2026-01-06T06:49:19.926038,STORE_1
ad5dde85-bea1-4a04-b030-c5944aa98607,C40521,254.82,2026-01-31T03:23:00.439777,STORE_9
b28e9294-b069-437b-abe3-e815fd65ce80,C92799,120.5,2026-02-05T12:41:02.636721,STORE_32
2dfe1e29-d9d4-4472-b744-b620739baee8,C41657,47.34,2026-01-08T06:51:58.900600,STORE_21
300f6621-383d-4778-8e9b-7fbe341ee918,C70114,291.31,2026-01-19T22:59:33.618382,STORE_38
d32a44b7-76d3-4798-82ff-8f682fa79277,C79004,-6.15,2026-01-17T13:23:26.880569,STORE_46
46c04324-69eb-4db5-bad6-7d3bf1696509,C15316,164.26,2026-01-20T07:21:21.810612,STORE_16
cb4362a1-c7ad-4e95-9d37-aefb48c6f56d,C26015,487.84,2026-02-10T08:28:45.941460,STORE_45
fdb6fba7-aff6-400b-a913-bed7a6e46554,C57688,216.64,2026-01-22T00:08:56.270137,STORE_23
97d262c7-32a3-4543-8bd1-44977ec4980d,C95137,293.78,2026-01-09T12:17:54.297095,STORE_29
85f355e3-3bb0-4a9f-81f1-3dba2cd3be8a,C72292,338.56,2026-01-18T15:42:38.625810,STORE_6
cc7766bb-ce70-4383-abcf-3738f9796e4b,C13748,15.94,2026-02-04T23:25:09.673739,STORE_16
34cbc26d-977d-4d6d-9108-6753a6618921,C45530,285.42,2026-01-27T13:25:27.770091,STORE_17
9e601f5d-a5d2-477d-b3e6-cf6492af3317,C53466,297.86,2026-01-11T06:15:26.086721,STORE_34
318e7ee3-585e-401b-8410-7ea525957a3d,C29383,476.69,2026-02-04T14:00:59.273585,STORE_9
2ff2dbcb-5525-4cea-881a-b58c2bac3ff4,C33920,229.37,2026-01-14T16:39:52.424550,STORE_37
53a99c69-e93f-4d06-afb8-151ce7e04de7,C36043,226.18,2026-01-19T17:02:14.318742,STORE_5
33022a81-185f-46df-ba5b-a7bfda26099f,C70025,161.67,2026-02-18T08:11:28.764084,STORE_14
6a0be80f-dc4a-4f43-b3d4-fd8677e92516,C32409,446.83,2026-02-12T00:53:29.795401,STORE_43
9bc9f919-2ae8-436a-a31d-a3e192cafe0a,C87701,377.05,2026-01-31T05:55:20.797161,STORE_8
c7042db6-adbc-4f90-b37c-d351e8d5064f,C19394,152.31,2026-02-15T13:35:10.296008,STORE_30
77fad7d1-179c-40be-a94e-923e30a328e0,C45255,460.07,2026-01-17T15:47:44.732157,STORE_9
71d5f9b7-572b-45ec-854f-93c142bb1493,C62984,126.59,2026-02-07T22:00:36.928089,STORE_3
d269ba8c-6022-4219-ae63-6d787e3402d5,C31633,45.34,2026-01-28T00:52:51.771337,STORE_49
c4e43ee2-7b4c-45cf-a6f6-48c9fed2ede2,C72697,254.61,2026-02-10T16:26:29.422311,STORE_45
f72f128d-59dd-4ba9-8e87-c049561fe15b,C86629,433.48,2026-01-02T03:55:55.763875,STORE_36
DUPLICATE-ID,C47633,199.83,2026-02-09T05:39:15.719453,STORE_48
679f98a0-c4e9-479c-b164-2c0c493f7bb6,C54650,76.02,2026-02-13T16:11:24.414924,STORE_29
51b1279f-135d-4009-bbb1-d4fc6f3a9146,C34559,218.32,2026-01-30T23:38:25.546934,STORE_33
e1ce666f-e189-4653-9c26-9f6bccdfc791,C50780,44.01,2026-01-30T02:25:29.415996,STORE_16
655099b6-9814-4303-b110-10f5ef2902bc,C36780,364.13,2026-01-20T12:03:06.470643,STORE_39
4153c66e-b836-4ae3-a62e-9f88cbbc2a8c,C45981,416.79,2026-01-02T01:06:22.522423,STORE_22
d28a3041-e5fb-4907-9d4a-c909f5558f8c,C63147,228.76,2026-01-28T18:04:29.249788,STORE_21
0355956c-4952-42fa-bbe6-9dd29146fd2a,C72913,258.14,2026-02-03T17:22:02.340287,STORE_19
DUPLICATE-ID,C96964,-12.52,2026-02-11T19:55:08.984833,STORE_28
72ad98a2-1619-424f-8ffe-3406ae5d4991,C57642,176.94,2026-01-24T15:08:50.382260,STORE_44
bdaa654a-f737-4795-9ff1-823fea2388bf,C34900,108.52,2026-01-24T04:02:55.788178,STORE_9
ef41c896-b96b-41aa-805b-e6fdbea72e87,C19613,428.65,2026-01-20T04:34:43.050724,STORE_50
492f8842-1e81-420d-8286-4033525ae0e8,C66679,58.16,2026-02-09T00:00:49.059010,STORE_4
ce55bbeb-c4e2-4be8-b49c-558bbb87bdce,C10273,58.76,2026-01-31T06:12:41.448802,STORE_49
71476079-c6f9-4823-bfbc-2c3f991d076f,C27227,72.93,2026-02-07T18:27:08.709009,STORE_30
821cb70a-d261-4863-82ab-da58ca7df813,C55072,260.51,2026-01-21T09:42:50.612276,STORE_43
d3288629-6007-4c1c-9364-f06c7eac4d2c,C93830,47.67,2026-02-06T02:18:19.266173,STORE_47
ec0ea2ad-14d7-4c9f-ac20-4c586795d713,C76758,30.37,2026-01-02T20:27:32.574608,STORE_43
fc542932-a57d-485b-9d3e-1c30c86ffe0e,C14676,378.76,2026-01-31T03:19:00.106960,STORE_11
0a846b54-f59d-4356-a1fe-e4eea02eb6bb,C94234,11.03,2026-01-05T17:33:24.646504,STORE_20
6cc0aa1e-7a63-4596-b57b-c67319163f8b,C29266,289.61,2026-01-17T01:08:58.574660,STORE_22
5002674f-1128-4a5d-bc9c-400bdc8345f5,C42459,108.41,2026-02-02T20:18:39.912024,STORE_37
34e25a17-9e26-422f-bb51-817cd2335e74,C58204,15.47,2026-01-06T00:42:17.605740,STORE_37
6df8f2e7-d604-4be9-af63-ba470766dffd,C42152,100.2,2026-01-27T16:48:46.557717,STORE_23
5f3527d4-5d7b-4a8a-b2de-fd8071bf579f,C45385,437.65,2026-01-14T19:35:00.258443,STORE_17
10e5dd1a-9880-4516-81a5-4eda1421a540,C76311,81.71,2026-01-26T07:38:39.329420,STORE_41
1f1ad25a-b357-4e6c-aae9-24b49482a7f5,C69268,490.49,2026-01-06T03:22:31.953977,STORE_45
7477f01c-c0a2-4a29-81c3-8bb0ec7ed24c,C12576,436.2,2026-01-01T20:05:22.398283,STORE_10
DUPLICATE-ID,C57233,477.8,2026-01-06T11:52:57.257473,STORE_7
9d205759-d3aa-47f4-a9a0-f0f34d063fc0,C18506,436.76,2026-01-20T01:25:02.165575,STORE_2
a444a1b4-e3f5-4fd7-a0b7-dfdd73acb6e5,C55382,69.12,2026-02-12T00:19:57.432058,STORE_20
960cc21b-57b0-47f7-b6be-213ff982ddba,C85268,427.33,2026-01-29T23:04:13.759690,STORE_13
6b22923e-51d2-474b-852b-1027ea35634b,C87635,448.46,2026-02-14T03:09:47.040890,STORE_23
18e8077d-8ab8-4c0f-984e-355696e96d1e,C78475,52.43,2026-01-22T10:28:10.696733,STORE_33
b695704a-0fc1-450e-a4f9-91f91b085fba,C40175,239.5,2026-02-12T05:16:44.857909,STORE_9
cb7a902b-df4c-4409-9cd7-f6555d16ad73,C69760,144.32,2026-01-24T03:41:26.269788,STORE_40
467efe82-02d2-46c3-ad71-65aab3b7c51e,C96413,471.44,2026-01-04T20:34:59.057642,STORE_34
5c3f6cd3-dfd7-45b8-ad19-8936e761e8c3,C69873,141.63,2026-01-14T18:53:58.368026,STORE_32
f00e41d8-ee0d-4885-96f9-0c5347462619,C93642,350.47,2026-02-06T04:26:28.684206,STORE_44
c7c149d1-4d1e-41fe-a5e5-b8901edf7bd7,C54881,189.94,2026-01-10T03:30:38.771916,STORE_22
6da70e2d-eb64-4ad1-868f-443e2c4df616,C68100,117.61,2026-01-11T02:03:57.676292,STORE_49
aa8363ac-fcbf-4369-a2f3-38d98b617665,C69740,104.77,2026-01-20T21:29:04.578142,STORE_30
DUPLICATE-ID,C67957,325.1,2026-01-06T04:28:17.530603,STORE_40
aeec9105-d3af-4674-aaf5-a05882dfcd51,C57463,498.72,2026-02-06T03:07:31.037906,STORE_40
a835b17c-eeea-44a0-b3c7-34847f676f43,C36567,183.35,2026-02-15T11:01:53.086014,STORE_23
65018434-0337-4906-a77d-42e27f2c2e3b,C62011,383.57,2026-01-25T15:46:33.351244,STORE_46
e300d2ba-e441-4702-9d31-db3e1f017d8c,C17129,-17.74,2026-02-08T04:08:57.369533,STORE_28
1b4aaaa6-d325-4820-8870-524e646ea2e7,C29167,59.35,2026-02-14T17:02:26.324874,STORE_21
4307a743-843b-4ca0-b705-f44f4fd1b7d1,C38050,36.29,2026-01-14T22:55:57.808729,STORE_31
196ce9bb-d657-4d49-b56c-e43ecebc69b2,C49790,253.63,2026-02-16T04:08:50.454343,STORE_12
7d3a1ddb-0416-4376-8ca2-19f0472fca37,C97146,488.0,2026-01-27T10:25:20.578215,STORE_35
f038eb1d-6b79-4094-a77c-d555c46b13fe,C66055,25.45,2026-01-07T00:39:36.361141,STORE_3
60bb1809-c57f-4b44-be4e-be8c54a86fa2,C46060,346.08,2026-02-09T06:18:55.946990,STORE_18
e2bc324f-fd69-4bd4-bd45-78aca12bb79c,C80007,279.66,2026-01-15T22:22:07.047917,STORE_29
5fea55a4-a090-4b1f-b71e-d70570f3bcd7,C38755,286.27,2026-01-06T21:08:52.875857,STORE_29
4c13fe46-7fcb-4c6c-869d-2ac96fa7229f,C34609,378.91,2026-02-04T07:06:24.716056,STORE_49
1efe75eb-efd5-499e-8676-eeb066febfee,C82723,51.24,2026-01-29T20:59:13.249002,STORE_39
d1b3809d-5de3-472c-ad5d-c549e2e942ae,C84879,350.53,2026-02-17T06:27:49.981661,STORE_17
810b77a2-058f-4f4a-8e7d-91adb4aa1e64,C89177,222.22,2026-01-18T04:43:49.664913,STORE_24
994225bc-7e36-4013-9297-01b532e6d633,C72754,441.68,2026-02-04T03:30:57.018354,STORE_27
bee9f1c4-3fc5-46a3-a9bb-21599293ddd1,C26140,385.99,2026-02-12T03:32:52.536459,STORE_39
2e53cca1-aa0f-4738-bce9-f4fc9eaec59d,C24410,98.18,2026-02-15T14:24:55.206369,STORE_2
7b480eba-525e-41cc-b23c-f903277b2b5d,C55308,364.24,2026-01-19T08:41:19.825074,STORE_10
6fb7c800-6328-46fd-9a07-3b3420510174,C40537,132.12,2026-01-26T20:21:48.580887,STORE_22
65eb8929-36e7-4eff-850d-a1c07cc2d3ba,C24144,85.41,2026-02-08T02:46:35.700466,STORE_48
6fce1298-58c6-4a36-b890-397b547ea2be,C99833,352.49,2026-01-10T16:43:44.305430,STORE_10
75bb15b8-d2b2-49ea-ae43-6b9805c0b5e0,C65260,293.54,2026-01-09T17:18:22.209346,STORE_30
8b9b0c7e-0954-41a9-99ce-79e758477425,C81671,38.5,2026-01-07T17:04:22.236374,STORE_47
8c311254-d569-4ded-bd74-e0b2a8ff7d55,C20453,91.47,2026-02-12T02:27:04.023720,STORE_31
ca1b9ccb-fc62-4100-8ec9-4ca582c08ec6,C59853,452.08,2026-01-05T09:50:24.626536,STORE_33
fd186345-8207-4d82-b60d-a412f6dd5e85,C90396,302.69,2026-01-05T19:28:46.925563,STORE_37
e694bf8f-3352-4520-9077-440ae5a9aa69,C21892,420.13,2026-02-03T05:32:32.174599,STORE_6
3f64325d-3ef9-45f5-a98b-6f91f1fb8259,C62993,489.93,2026-02-10T22:43:01.432300,STORE_28
59f55cef-105a-4506-a334-72f04506395b,C65121,61.65,2026-01-25T15:58:20.626536,STORE_43
436e30a6-f310-46f2-b423-33fed02a3f4e,C41130,320.81,2026-01-23T07:12:06.906138,STORE_19
6f5c62c0-dab0-45d2-94b9-15ed9157c177,C54333,304.55,2026-01-30T12:39:03.628289,STORE_22
251e9658-9cab-4cb9-8724-4c227a0ba2fd,C63600,182.69,2026-02-14T14:40:40.602690,STORE_16
e3e90496-9bd1-43e4-9164-7dea8257fc35,C87659,497.14,2026-02-10T11:44:40.612242,STORE_1
7297b5c4-7e4c-4179-9d38-3a46f725a022,C74256,112.33,2026-01-25T00:14:56.212570,STORE_19
93502b3a-cce8-4f85-a1fd-3b9cf79304ec,C71789,328.57,2026-01-30T14:08:13.746874,STORE_46
629e68b4-7353-4ccb-b983-ee75c8eb0216,C20041,241.06,2026-02-02T23:35:21.371824,STORE_42
DUPLICATE-ID,C19753,385.03,2026-01-14T11:28:20.720954,STORE_41
5ed5f288-c5db-41c2-bc37-bea1debde868,C70294,138.22,2026-02-07T11:59:40.046381,STORE_33
653a2fd9-3c5f-49bc-94be-5730e65a8c31,C50044,167.87,2026-02-04T08:03:19.574635,STORE_16
4c0f0b7b-e747-4d43-8d9a-25e9b88d5ee7,C28317,-43.55,2026-01-05T01:35:11.006901,STORE_2
01386dbe-970a-4c70-ab52-0b9dcfd4abe3,C55350,438.81,2026-01-19T17:49:32.997208,STORE_48
b0e566b4-700e-41d6-bf50-afc1a526891d,C18067,170.09,2026-01-22T01:04:16.861797,STORE_13
4e9f44ba-3741-4e2d-8bde-1bd63f37d2f0,C95712,356.02,2026-01-24T17:25:48.481502,STORE_30
26537101-fba5-4af2-9178-aa83c238d1ff,C57774,493.73,2026-01-08T08:22:44.216994,STORE_12
9f83ba13-c83a-4b9a-b5ad-100802d1453a,C96442,447.04,2026-01-14T04:16:08.403562,STORE_45
5495c6bf-aed4-4d51-8b47-486156d893cc,C47171,237.77,2026-02-13T03:42:20.959369,STORE_31
e2784bf3-3e87-4e0d-abf4-52729d3e0b00,C16432,22.39,2026-01-28T04:55:01.553063,STORE_39
6edb67da-b355-441b-8d9e-13b1ef18e81a,C89210,328.65,2026-01-11T10:40:59.541773,STORE_7
3e84913f-ae58-49f1-b46e-e1529027870e,C36553,359.24,2026-01-31T18:35:21.869128,STORE_9
cdee90f0-e355-4ccb-8c4f-634957caeb51,C15169,207.78,2026-01-27T03:14:18.277082,STORE_33
1549f2bc-c85a-4ef9-8743-75323653044c,C49752,159.88,2026-01-12T11:01:29.377529,STORE_35
5cb25e96-ad12-470a-9ff7-ef80c8899760,C58679,243.19,2026-01-22T20:36:12.612937,STORE_40
91188caa-52fa-4b16-ad88-c7ca45d2c103,C86730,73.04,2026-01-07T22:53:06.203645,STORE_2
5f1f7e52-27c5-4e4d-a0aa-a6811f3c8ffc,C30482,394.37,2026-01-03T11:02:47.706197,STORE_5
b78ff8f2-a137-43dc-a21a-7f8ce8d855bf,C96820,497.76,2026-01-03T20:54:23.003465,STORE_45
cef72117-c297-42ac-bdfc-2ff783d67f84,C99908,79.64,2026-02-06T00:53:47.597450,STORE_28
42c36fb0-3af8-46d3-a41a-390c5bb3fb5a,C47391,186.34,2026-02-09T05:42:48.153017,STORE_12
d37c24dd-4139-4c2b-aec0-b2a3930324bd,C93730,476.73,2026-01-01T23:10:06.458634,STORE_9
2d3bf153-e9ee-40cf-a1fb-7c6e033b5cff,C41920,70.08,2026-01-11T12:37:48.515108,STORE_35
3d8afc32-1201-4635-a16d-353397bcd612,C72168,294.38,2026-02-06T02:13:33.199415,STORE_11
1b2f71f1-eddb-4925-ac78-c8911e0a27ab,C16331,187.59,2026-01-01T15:15:47.742887,STORE_37
23e73a9c-ee2a-44b5-97e9-5f7849b8355f,C63443,207.43,2026-01-31T05:44:53.118031,STORE_36
c91ab3c0-b8c5-4eee-8f39-4dc5170408c5,C79333,-10.98,2026-01-14T23:35:45.826360,STORE_31
71af809c-804c-4deb-8ffa-1e317ebd30bf,C22550,238.03,2026-02-03T11:11:59.555430,STORE_20
7d53928e-b575-4bec-8046-44e50e822a6e,C53726,42.02,2026-02-17T00:16:37.728897,STORE_37
6b3cb119-6a02-470b-bb63-13cdb2c2a5d0,C67497,-24.04,2026-01-13T09:33:47.795018,STORE_18
8925e8dd-9e90-48bb-aaec-1998f2913ea7,C85798,459.15,2026-01-29T10:31:19.446938,STORE_30
99347974-c8dc-4e29-a8fb-418766caace1,C68777,121.17,2026-02-17T15:00:56.560404,STORE_37
db7890a3-9ba5-407f-942f-8b89bd44c874,C30373,336.53,2026-01-23T03:34:32.658721,STORE_45
03c6a7ca-65ad-43a7-b5fc-46d7e11edcab,C55702,23.03,2026-02-01T09:43:38.645250,STORE_18
69a6f17b-49f2-4196-a250-082447c8367b,C44970,367.07,2026-01-13T21:30:19.313829,STORE_22
a2a9a5ef-ebeb-4b74-abd4-df32559483f6,C41541,-18.63,2026-02-02T12:44:49.858560,STORE_24
ba557558-f12f-48be-b96d-4fa6656b24be,C85623,465.4,2026-01-24T15:58:38.810226,STORE_46
6274eccd-015c-48bf-8b8a-64b7b1f64109,C53699,293.37,2026-01-19T06:20:02.644100,STORE_10
9e7ba0be-1e54-4633-85ab-92a414c504b6,C90361,460.44,2026-02-02T19:18:19.710103,STORE_40
481e2183-0aad-411d-894f-5e9618306da8,C45511,160.52,2026-01-25T07:07:32.283324,STORE_15
88511134-e133-4b7f-ac63-2a5649b6a90a,C27978,74.57,2026-02-01T12:27:50.811999,STORE_12
d3c90f8e-da0a-4ab9-b116-0c5dd446bf8b,C98846,131.74,2026-01-15T03:18:21.749402,STORE_1
9edc8eee-7275-4b2f-b3f1-d97ed6f7bdf3,C26979,256.09,2026-01-26T13:45:12.114384,STORE_5
5e2ed230-138a-49d6-a757-47d9806d693e,C69547,375.21,2026-01-11T07:06:24.929166,STORE_49
daf912b4-ab78-492e-ba3b-f6a722bc77b0,C28075,40.07,2026-02-04T23:13:11.534414,STORE_14
7b2ae36f-3f9d-4f65-a6ba-03dd05220bcc,C12890,176.16,2026-01-28T08:59:09.911017,STORE_22
3d3c3b97-ab93-4701-bc8a-6c8a2866934f,C46586,438.65,2026-01-01T21:22:48.374435,STORE_7
c58705c1-25b6-4ac3-a838-5fd04ddc51f2,C17292,22.07,2026-01-18T09:40:27.702038,STORE_30
f209d07d-29fe-4268-9ef1-952ef9ef1419,C26054,340.15,2026-01-30T01:22:57.492097,STORE_24
0154f307-d5ff-43bb-9bcb-d590164cf656,C83574,13.28,2026-01-14T09:56:32.894241,STORE_20
5bb06431-30aa-42db-8298-028645673a10,C24834,171.36,2026-01-19T07:52:58.556226,STORE_2
a8ba7f25-9b8f-4540-82d5-1c0066f299b3,C82032,-47.49,2026-02-14T09:42:36.176212,STORE_16
c7d0d511-15cc-484e-8ce4-e6219c14fae2,C64515,3.29,2026-01-20T20:49:34.782503,STORE_34
DUPLICATE-ID,C51357,139.5,2026-02-14T00:09:45.415607,STORE_25
e395a819-81ac-4e43-aace-b5bdb9ba5b36,C44764,271.01,2026-02-07T11:53:49.626207,STORE_37
61596bfc-7c13-4d2c-a676-d7bb75f8924d,C53861,81.23,2026-01-19T23:28:47.075196,STORE_42
21b5ff1f-b80f-4f70-b81e-c9b627bd97c8,C20631,110.49,2026-01-20T20:20:28.032207,STORE_37
4807d4bc-b335-4ff2-9a77-3ebadeba3f9c,C48361,407.18,2026-01-17T18:22:59.944629,STORE_9
3b6fc64c-4185-497b-bf6d-671298abe824,C81820,128.68,2026-01-19T00:21:50.007863,STORE_50
02414a12-cb91-4b1d-98f2-b92ff24325bb,C63083,245.58,2026-01-03T21:32:47.449033,STORE_48
c24a6cac-3b7a-47a3-bb5a-68c22bb47f42,C41022,124.89,2026-02-03T18:31:00.534105,STORE_2
3306dc3f-6393-4b85-acd8-d502d0976067,C98792,19.26,2026-01-08T21:25:12.448184,STORE_29
f609093d-45bd-4417-a3f1-1e3f5f910e5a,C74544,249.27,2026-01-17T16:47:47.414676,STORE_3
a7b51b07-a5c7-4de3-9b42-fdf606a0ab75,C30388,461.74,2026-01-22T20:29:32.105100,STORE_20
d46990b7-0193-4c92-98b7-fee53ae8cc6d,C40756,49.58,2026-01-06T15:15:06.777252,STORE_5
5e5c937b-e53b-49c8-9054-ae615a824564,C61445,425.78,2026-01-14T11:36:14.351409,STORE_31
802a6206-d13c-4783-9c02-5512fab089e0,C74650,471.17,2026-01-11T18:45:56.703352,STORE_49
e65b303b-dd05-4a41-8058-fc9890eb07b4,C27793,108.4,2026-02-10T05:05:58.895161,STORE_33
7cc2e6c8-ca68-4efb-b631-5d9c5d37a11f,C35646,-36.65,2026-02-14T13:25:26.593566,STORE_41
229a3e49-a9d9-4988-8400-da02cfa36a14,C85265,196.72,2026-02-07T18:36:59.362147,STORE_50
4b8e58ba-0bf0-43d1-8036-9191c8127a18,C13070,46.61,2026-01-16T21:01:58.669430,STORE_7
4fc5847f-6b58-4e66-9a61-60c55f5a681f,C74096,-49.12,2026-01-04T02:43:12.770817,STORE_12
d0368893-c431-4f33-b2a9-b257727d4a14,C30201,341.96,2026-01-13T07:01:40.969556,STORE_46
a993fc7f-e46d-4602-a77b-2b38094eaf79,C76539,155.68,2026-01-04T00:36:09.810498,STORE_39
a5556456-4368-4a85-b8dd-6395f8ec27bf,C40658,233.91,2026-01-12T14:42:51.741183,STORE_25
0d12f871-82d9-4cbb-87f0-4b6aa35c0d1c,C37319,321.32,2026-01-14T23:12:59.403913,STORE_7
69aecb96-fa5c-481d-a2eb-a4f8e96716f3,C84694,314.38,2026-01-24T18:15:16.372568,STORE_15
0ab68112-1e0e-42e1-90ab-1eeef4baa630,C40661,151.77,2026-02-09T21:43:30.162267,STORE_43
06dab6f1-a1c6-4462-a3e8-b89abae6fc2c,C27045,206.38,2026-02-01T05:13:46.486264,STORE_30
69e1a0da-6fd2-4233-ad87-8433eea921bb,C24218,431.94,2026-01-30T16:58:49.393448,STORE_24
2d416d44-6163-44db-b35c-5ab44ff6dd62,C41856,158.51,2026-01-08T08:36:14.368402,STORE_35
cd0584f5-7591-4252-823a-f8ae3423dd1c,C72692,0.57,2026-01-06T14:13:24.012924,STORE_30
438f640b-d664-486c-a2cb-2c27d20d3dca,C86170,304.1,2026-01-01T11:54:18.079438,STORE_32
7138b09b-21db-4e05-952f-0fbe401c29af,C71449,279.56,2026-01-07T09:09:52.554337,STORE_32
5e99a6f4-3fa3-4b1f-976e-2a187d5bcf66,C57325,334.3,2026-01-14T05:41:49.900201,STORE_37
86ffdc35-8366-480c-bb4f-1a7ef21769d4,C92196,306.36,2026-01-17T22:43:40.476574,STORE_38
DUPLICATE-ID,C32894,79.15,2026-01-12T19:34:01.115714,STORE_29
e4a5c5a7-c8c4-4034-b171-7e0b087b0341,C75725,264.77,2026-01-31T18:04:29.970910,STORE_21
d4d6d2d1-99e0-4fce-9b44-45b4a29a1b5f,C96871,464.48,2026-01-08T03:17:18.843465,STORE_37
08f28892-da39-4793-880c-39d40d1d2733,C53051,191.79,2026-01-29T15:34:04.149779,STORE_25
b3aabebb-64bc-4cd2-a231-3d301af3b8de,C91748,-27.47,2026-01-31T04:10:45.109955,STORE_9
bec7d5cb-c57c-4a4b-8c24-99f3e3a8a3fa,C25200,291.43,2026-02-18T04:01:48.434679,STORE_19
ebb7a10a-e8ca-4f0d-8f55-7fdc827599c2,C43788,491.57,2026-02-04T03:55:16.256956,STORE_16
7109a5fa-7d0c-40d5-9419-43dd193b5e4d,C86379,495.31,2026-01-28T15:28:47.909617,STORE_18
e31880d8-e60f-49a2-9562-3309423bd36e,C58579,65.52,2026-01-10T16:37:59.971754,STORE_43
7c5ae0bb-87b6-426c-8679-b32f189a6cff,C59866,472.37,2026-01-25T11:10:15.383455,STORE_26
d7b45ac9-1655-4c41-945a-18e5715b9e45,C61008,270.69,2026-01-12T15:05:40.263020,STORE_40
70b52485-13d9-46d4-b443-5fbe63fcb9d7,C91301,140.99,2026-02-05T22:03:54.608519,STORE_40
DUPLICATE-ID,C69939,429.44,2026-02-04T03:58:18.022144,STORE_12
25094a59-bf34-43b6-9194-86780dfec331,C56315,355.05,2026-01-24T05:44:43.186690,STORE_38
093bbc2a-5d31-40f7-9cd4-fe2975d20392,C13684,315.63,2026-02-08T18:36:37.609373,STORE_34
4a4a3e95-fb65-4863-aa0b-c9e09aabbd42,C85382,227.4,2026-02-03T18:34:03.210847,STORE_24
dc52bcfc-5461-4316-bf90-cc24deccd7bc,C19640,50.67,2026-02-05T12:36:34.948453,STORE_17
de76170b-8b94-49e1-b72f-579c11ae9fe2,C23352,247.62,2026-01-19T09:17:06.202107,STORE_9
68a0fbed-6de5-4a22-a664-ce18a608e4a2,C46614,209.63,2026-02-16T00:27:01.329280,STORE_44
80b9428b-d47f-4c03-966e-e3a94b932ed1,C96527,262.1,2026-02-16T14:02:21.801500,STORE_20
79d78505-822f-4e6a-95eb-fabd1c06b2a5,C38655,276.68,2026-01-29T22:49:08.738775,STORE_38
13ce0f56-2a53-4e8a-b867-1c72eda3c942,C35747,-38.35,2026-02-10T14:11:06.144429,STORE_44
d4afdb98-67a9-4ca0-b877-3d0ae0a33cb9,C38124,26.4,2026-01-23T02:59:32.094618,STORE_50
212cb648-db41-4455-8c10-bbb22b018ee8,C37766,445.02,2026-02-05T05:59:42.183352,STORE_2
5c85988f-88ca-4287-a4ce-688086839997,C54292,235.73,2026-01-21T23:33:16.854553,STORE_33
fe20363c-9e01-425d-9b7a-f2c47eb0af76,C45349,400.03,2026-02-01T06:40:08.937063,STORE_48
1f5397b1-56d0-48b0-b453-77905f5ce7a6,C23036,142.55,2026-01-11T18:00:47.739019,STORE_3
4291096f-583d-4a8a-b9c6-f02947e75817,C73644,337.07,2026-01-13T17:46:31.963600,STORE_9
DUPLICATE-ID,C78950,62.67,2026-01-19T22:57:06.941286,STORE_49
fa59be62-55b4-4c33-8b8d-edda7ec5a023,C60621,264.54,2026-01-12T11:46:17.843375,STORE_13
6eada1bf-ad36-46c4-ad49-31e803d84c0e,C46330,196.28,2026-01-02T02:48:30.679039,STORE_42
bfd0c551-19b9-4f36-a187-604860c364fa,C70593,241.57,2026-02-11T08:06:12.083922,STORE_4
982fbbf8-1383-47a5-97cd-d6b1c5ffacae,C92248,293.21,2026-02-02T23:57:28.409038,STORE_23
4b4690e3-f1ee-4223-94fe-9474d5401f59,C70644,-40.93,2026-01-03T18:17:58.999880,STORE_1
DUPLICATE-ID,C78520,27.94,2026-02-01T09:31:38.535144,STORE_15
60593213-5a22-402c-bf4b-4478554c287e,C75962,255.83,2026-01-01T03:34:32.542240,STORE_49
70c0c46b-368f-4f57-bf70-32dd79ecdb0d,C80671,207.9,2026-01-26T06:17:06.460407,STORE_27
0e0b70e3-2c57-4c10-bf86-602fbb5b4e20,C16943,463.77,2026-01-06T18:54:55.691859,STORE_28
ff496c01-62ab-4c6a-b461-26f5f81309b2,C99542,151.51,2026-02-02T17:42:32.225074,STORE_5
9b13faba-4500-42aa-8dec-c40c10efa22a,C89516,369.62,2026-01-08T07:05:43.362664,STORE_33
1236bd81-6ae2-4618-89d5-3ba3a16df54b,C64322,12.13,2026-01-28T09:10:59.761301,STORE_16
6afd2d09-86b6-4bb2-8916-8b621a1960f1,C72334,18.39,2026-01-04T20:29:05.466771,STORE_50
DUPLICATE-ID,C71793,72.17,2026-02-15T14:16:20.642241,STORE_46
eae338b6-15f0-42a1-b82e-bee9691d7984,C62792,338.55,2026-01-30T08:53:20.406803,STORE_43
383263d2-3df0-4af2-bfaf-fd92a7def496,C84715,168.04,2026-02-08T21:06:49.453139,STORE_32
DUPLICATE-ID,C10138,89.84,2026-02-15T18:34:58.911296,STORE_7
3c1c4b56-5590-4a05-9898-6e46ef9653c5,C48979,-44.07,2026-01-30T07:19:51.984180,STORE_39
DUPLICATE-ID,C41592,359.57,2026-01-26T11:42:02.825821,STORE_45
cdfdcd2b-eb4d-4378-8b1e-976bb236ebbc,C42115,155.6,2026-02-14T08:55:58.158962,STORE_23
9af5c3bd-794f-4def-968e-ba56f2c1fba4,C64465,351.41,2026-01-08T05:41:06.480854,STORE_22
DUPLICATE-ID,C26248,34.09,2026-02-02T16:13:01.565913,STORE_27
ebd2eba3-7193-4cd7-8180-048e8db72551,C85249,479.73,2026-01-26T10:42:30.310954,STORE_38
8549053a-7fee-4e57-bf69-4da6bd6cd466,C14453,-38.43,2026-01-14T14:20:01.208563,STORE_43
d57d9b62-43bf-433c-a58d-9878fee541e3,C76953,453.7,2026-02-04T02:05:38.941165,STORE_38
cfa29375-5b54-42ef-b678-b4e3564cf51f,C37507,242.88,2026-02-14T06:37:27.831966,STORE_40
2458009b-4b7d-4399-95d8-741787a4782f,C54698,138.37,2026-02-08T10:11:36.554248,STORE_30
98ebd3cf-43ce-4892-a27f-69ac32223479,C48461,338.47,2026-02-04T14:54:37.188738,STORE_5
DUPLICATE-ID,C81186,249.69,2026-01-07T05:46:46.764185,STORE_25
cf942f37-68dc-4ceb-88f3-bcfbdcbc0c53,C75396,464.27,2026-01-07T17:15:53.695089,STORE_2
DUPLICATE-ID,C30474,108.12,2026-02-06T10:28:03.635368,STORE_49
DUPLICATE-ID,C91077,334.75,2026-02-12T21:56:53.415872,STORE_10
1ae45f0e-3868-4aee-937e-1ddde47bb380,C21972,66.79,2026-01-13T06:21:28.941978,STORE_26
56a3ba8c-f707-48fe-a115-e572243a4469,C58386,375.47,2026-01-21T08:20:44.492102,STORE_36
59db6450-d48b-4e52-abde-145698094b80,C96987,467.12,2026-01-26T00:16:01.241240,STORE_21
c85a1a88-4761-4e0e-8241-695c17bfc827,C27443,71.56,2026-01-06T13:58:22.189769,STORE_50
7e727649-bfa8-4f7e-9159-2a7a16b0ecae,C23016,197.85,2026-01-24T12:11:51.611454,STORE_19
5b32af4b-da30-4755-9e9c-db4357c4b865,C70962,340.7,2026-01-22T11:59:42.281561,STORE_44
bf389d32-e009-4d1f-8d9a-e7fca3ccb5f8,C67112,294.85,2026-02-08T00:08:03.001830,STORE_18
b5f9c97b-18ea-4aea-8eac-6796d04cbf5f,C18304,81.26,2026-01-21T11:54:47.169261,STORE_40
b5574a67-0d51-49f4-8317-0da41d540d23,C47813,253.83,2026-01-19T00:30:00.127487,STORE_7
7e5f3cc8-bfac-4e68-b6b5-54df6fba4306,C17855,170.18,2026-01-18T02:42:45.446632,STORE_10
d1500bf8-125d-4447-b497-29768cebc16e,C71432,368.51,2026-02-03T22:08:08.979796,STORE_41
84821cdb-d9bf-4deb-83af-66c02233474d,C55529,173.34,2026-01-01T22:47:05.272105,STORE_10
3634dd5b-b58b-41c1-80f9-1f10cf4c958b,C64988,352.31,2026-02-07T00:50:58.794569,STORE_14
ffd18f79-0af8-4ac2-bbc9-4fc1f5ce7b49,C85911,446.4,2026-01-24T16:41:30.403835,STORE_30
50c151e7-33d2-4fea-9805-8cb86aafd4ee,C64565,132.87,2026-02-18T03:52:44.374123,STORE_46
7515dce0-125a-441d-a4d0-f2fdb5a25a0c,C69033,213.42,2026-01-20T01:59:44.226474,STORE_21
e97f3c15-5720-4cf0-90fa-c3ef1d319cfc,C66220,-24.01,2026-01-23T04:29:35.558030,STORE_30
7b99f772-95a5-4bac-9ab8-3264fed50ffc,C69222,97.72,2026-02-03T21:44:30.304656,STORE_16
23e214de-3525-455e-a821-c9a2203e3f40,C82351,162.24,2026-01-15T06:02:36.364879,STORE_27
309f2f4b-0512-4636-ac34-e8ca71901485,C92813,134.27,2026-02-02T22:11:48.749700,STORE_26
57080cd5-e07a-4ef4-b958-2c08cec4c02e,C62008,435.12,2026-02-01T13:00:44.126415,STORE_17
4a0b9390-3442-4039-b193-f06bb5ed2ffd,C61583,29.02,2026-01-17T02:17:12.973966,STORE_37
4023127d-e57e-4500-bb54-9f785ffc75c4,C86472,6.06,2026-02-05T16:12:42.968073,STORE_25
732960e6-db11-4969-ab40-1ed1d9ff7e24,C87330,455.55,2026-01-10T01:32:39.926712,STORE_50
ef5ba999-c5c3-4c99-b7f8-c6d5e729a68f,C24511,131.11,2026-01-21T01:16:18.714118,STORE_41
13082151-3db6-45ef-b774-2a131e82b04c,C74229,99.95,2026-01-11T09:31:49.963291,STORE_29
eac5ad9a-3e65-43a1-8ff2-1dc3a9e47355,C83651,466.48,2026-02-16T22:37:39.804505,STORE_6
c4bc412d-7ade-4c47-9580-731f05f99554,C80753,228.94,2026-01-06T23:27:07.154644,STORE_16
f9fe9202-0f5e-4bbf-9b56-036374207594,C60972,481.16,2026-01-23T19:45:15.483512,STORE_42
f95b4c6e-abaa-4bd8-a4bf-ac4eb82ebd16,C80163,91.27,2026-01-18T20:11:14.406872,STORE_8
eeaca496-759c-488f-b2ce-be16e6cb462f,C26758,342.23,2026-01-26T04:02:31.277897,STORE_12
b466d7f2-5cbd-420f-9d12-3eeca9b43ec3,C58404,236.13,2026-01-17T06:46:25.182850,STORE_40
e96f7766-c970-4c76-b4dc-8349b8548d34,C10521,-35.52,2026-01-12T14:57:47.323573,STORE_31
1ebb0c9d-8f5f-4f64-be4a-c4007f65ec83,C22750,68.46,2026-01-27T05:51:41.310515,STORE_9
5554fa57-7ef3-40c5-b444-d73dfc00dc11,C40738,205.8,2026-01-14T12:49:43.741842,STORE_17
cfe7c381-1444-4ea6-ba80-d31a08167e81,C85915,478.25,2026-01-05T06:27:45.166334,STORE_9
42b91bd9-2a43-4ea3-8777-4b556a8ca1ec,C32623,332.88,2026-01-30T03:34:44.133387,STORE_48
ba99c051-8930-4c21-9f69-8ecc832d5ae1,C31633,180.01,2026-01-29T02:57:51.298378,STORE_20
c220d6b7-5757-431a-b965-e16725e67982,C61718,276.6,2026-01-22T10:43:24.378743,STORE_30
a89aa74b-45e8-4d8f-b6a6-f1d79361ad26,C52703,60.21,2026-02-03T08:13:27.163231,STORE_36
d2757110-345e-426a-8801-09edfb5ba1c9,C92620,252.78,2026-02-14T00:35:11.392314,STORE_10
e3fff7b5-1f4c-4895-813f-68185ca5860a,C11269,329.13,2026-01-31T08:11:16.565926,STORE_12
ecda2055-56a3-48bf-9b73-a726cadf2c9e,C82322,26.98,2026-01-13T04:26:59.727258,STORE_17
6190870d-4712-433f-b7e8-3da7fd90b50c,C86118,164.91,2026-01-15T07:25:44.888978,STORE_37
f0e4e262-8283-4b1d-9bf1-537f23a26e6d,C18356,171.02,2026-01-30T14:18:15.349491,STORE_32
ddd50109-9513-4a3d-9eb1-e7aac17a15a0,C98545,-24.83,2026-02-04T00:51:55.866177,STORE_49
0d475e92-91e8-4344-b9f6-6206cd3b4f9e,C91979,200.89,2026-01-10T10:09:49.154204,STORE_29
4eea763d-7bd8-49f8-90b0-756f010f9fe7,C80553,451.15,2026-01-20T14:31:00.697526,STORE_2
7671ccdb-0170-430e-aaef-35ec9b651fcf,C89905,438.72,2026-02-04T09:55:12.944100,STORE_33
6815db61-1879-4b37-a714-94c99007bdf6,C99832,324.75,2026-01-15T15:57:10.043026,STORE_29
ae9f7a67-1745-46fd-a3a1-5f8608ad829b,C40788,-33.9,2026-02-17T20:55:30.482686,STORE_38
243e6b78-cd57-4237-b5b3-1198722f8386,C83910,226.94,2026-01-07T04:18:23.537436,STORE_15
1136c646-e22e-4d91-8085-e357f2da9ffc,C25246,404.54,2026-02-02T13:04:02.362470,STORE_37
042721a8-7f09-4531-842e-1c1ddca05e0b,C31989,326.83,2026-02-10T17:04:58.518545,STORE_9
3c02cd99-b095-46ee-a239-85dbd7ddb693,C52928,172.64,2026-01-26T19:33:08.346707,STORE_13
ba3b8daf-ba7d-4b7f-9b5e-0c9c88911f7c,C57273,434.83,2026-02-04T19:10:49.340419,STORE_27
827630f9-cd94-402e-905d-3786df0608c7,C17595,-34.01,2026-02-11T00:37:11.466930,STORE_21
DUPLICATE-ID,C77116,262.08,2026-01-22T04:25:58.928159,STORE_39
690b8592-a53a-4f11-a288-ff55d3663cbc,C83436,388.75,2026-01-27T11:03:02.877639,STORE_15
67ba50da-f6b3-4b6b-b679-38e6fc0d6392,C79711,91.49,2026-01-27T16:01:20.460485,STORE_45
93f9944d-708d-4171-aae9-904b463e5ad3,C71222,413.26,2026-02-07T13:05:36.710255,STORE_4
48e5ea3e-2180-4bf7-8bf5-cc253bdf17e2,C41839,391.97,2026-02-09T10:59:19.929456,STORE_6
d1aa82d5-e288-4274-af3c-aeed30bba035,C29708,150.53,2026-02-17T21:03:24.474774,STORE_9
fd8b3e68-8a8c-468d-92d7-b60c38254841,C51872,2.31,2026-02-07T05:55:36.085573,STORE_26
936dc43a-6024-44f7-9270-2ecdcd89d29e,C22160,269.16,2026-01-30T02:39:59.010816,STORE_13
3cf78c4c-d4fb-41b2-9601-fe880218e9a4,C85960,222.26,2026-02-12T04:25:12.987113,STORE_25
1a422c74-66d8-4dcf-aefd-a582be7935f0,C78063,352.89,2026-01-04T15:29:29.376478,STORE_24
cddad7a6-fd4b-40cc-9251-04f4f984507f,C16148,393.53,2026-01-26T12:34:07.698686,STORE_41
508c27ce-0f50-41f1-82cd-d9d8ff334583,C34141,162.69,2026-01-31T17:26:24.941458,STORE_36
1fd8b423-5b04-4b47-a1a4-7e29d58234f5,C70734,250.42,2026-01-29T19:55:45.704195,STORE_26
009c3620-872b-414d-b4d4-d70f19830a1d,C58385,23.84,2026-01-22T05:50:48.538066,STORE_28
f6a40c1d-c3d2-406f-bfe2-dae8dbd31a9d,C67683,99.54,2026-01-08T00:38:38.227215,STORE_43
49640a3a-8d32-4d39-8e2f-fcaabcb492b1,C47169,188.39,2026-02-15T06:59:08.979797,STORE_14
13764ff7-07ba-4799-a614-470b5f838dd0,C80701,59.05,2026-01-02T17:28:52.192402,STORE_40
3aca6cf2-e9f0-42a8-b258-9a184d520fbe,C15664,292.98,2026-01-29T05:05:56.690663,STORE_2
04506326-0f76-42d1-b3cc-02ad0bc36952,C84441,6.53,2026-01-18T01:57:02.953321,STORE_38
fc8725f8-346f-4443-8628-00fb6ff222bf,C96704,-5.66,2026-01-10T06:10:56.971147,STORE_31
17f4587b-cfd6-49d1-8b0f-cd9cae52cbb7,C78147,445.64,2026-01-04T08:12:31.639236,STORE_3
ed01aca8-e631-41fb-98b3-a2de6034267e,C14263,351.68,2026-02-04T21:00:56.461882,STORE_27
b3420bd2-1bfd-4b67-94ce-083bd9a48506,C36531,400.0,2026-02-02T14:51:38.540700,STORE_24
614cb4d9-ba4f-47c3-8938-23ac7ae479e6,C10467,472.26,2026-02-06T11:31:34.529627,STORE_38
1b8d8733-0428-476f-9cc0-08cb4017840e,C80715,374.47,2026-02-16T18:54:53.995235,STORE_13
DUPLICATE-ID,C31589,323.81,2026-02-15T11:02:25.632262,STORE_19
136d4864-8858-4999-9239-8f6d7fe84607,C52211,466.88,2026-01-25T10:26:58.354848,STORE_19
b3310e0f-985e-4d2d-8981-b8909d5b7bf0,C45728,239.86,2026-01-05T20:53:35.216043,STORE_36
291fca3b-e30c-4d2f-9d68-b5e8e4629c6a,C42797,442.72,2026-02-04T23:15:54.883834,STORE_22
5d182100-fb97-4dcf-b372-5d4ff64f91c3,C32674,62.78,2026-01-13T11:25:27.932470,STORE_11
7daa4afa-ddb8-4c78-903a-c5f38a42b0fd,C19231,101.89,2026-01-10T12:46:54.483612,STORE_13
742ddb8d-62e3-44af-99df-161757068667,C13846,251.85,2026-01-15T21:44:08.992920,STORE_7
0a223122-bedc-446a-b126-320b66c29c73,C53016,-21.6,2026-01-22T15:46:12.020280,STORE_29
3e5ad66b-f3a3-4ce4-89a1-83e9bd784e11,C41607,278.39,2026-02-01T04:18:10.182844,STORE_22
a219ecb5-94aa-40ec-a4f3-b9ffa5a442a9,C13123,462.04,2026-01-17T11:17:08.292541,STORE_15
3a5e2f76-2125-438e-93f1-05ba5ad9cbd3,C85280,454.65,2026-02-01T22:47:53.528818,STORE_3
5ca51c2e-cb05-43cb-982f-32b2429ea1d4,C70961,10.48,2026-02-05T13:08:57.291366,STORE_7
1164ec7c-4713-45fc-80c6-b979ac29821b,C67817,1.5,2026-01-19T09:11:08.383817,STORE_16
6b382ca0-be05-4da7-8313-fb32770e8f11,C13386,311.28,2026-01-08T19:34:21.224166,STORE_39
787d9077-aaac-4e77-92fd-e7f00c4f11aa,C95534,18.8,2026-01-27T00:10:56.498492,STORE_14
1c1baec4-7aa9-4686-9f38-886d34cea07e,C82978,267.2,2026-01-29T20:50:49.774219,STORE_9
9275e1b7-5987-48f8-bd1e-5afe3763ca38,C14781,117.24,2026-02-10T18:41:35.337414,STORE_1
41f846c0-1a03-43ad-84f9-da520c1b2f4f,C70271,148.21,2026-02-18T06:14:03.877822,STORE_28
ec605f16-7c7b-429b-b115-520533da0192,C82371,-46.85,2026-02-07T08:18:09.379724,STORE_42
48d68a89-5576-4ebd-bc41-c2ded5f78ed6,C18122,337.04,2026-02-10T03:07:14.077547,STORE_18
07ac32fc-c07e-4382-9f88-e99e4e55d1e3,C64294,381.65,2026-02-16T05:27:44.126463,STORE_45
DUPLICATE-ID,C80190,-1.19,2026-01-05T16:55:36.380558,STORE_3
0b5298f7-5201-4a41-b963-f7953606a8b1,C51756,349.83,2026-02-04T17:23:10.233559,STORE_47
fc9e87cc-079e-434d-b1f0-25910fe5695b,C15512,-14.89,2026-01-04T21:36:14.986928,STORE_48
1dc75c23-619a-4df4-9923-614245c5bb38,C23140,57.61,2026-01-27T03:26:06.248075,STORE_27
24c5a3ff-d553-4809-9b79-39d9b9e9ee6f,C94062,69.67,2026-02-11T15:28:43.033096,STORE_4
43ed363f-28e0-4e3c-b6e7-05ea6c9448be,C76396,287.39,2026-01-14T23:47:40.836932,STORE_41
3779a6a9-6e95-4266-826f-f9506433a0fe,C25137,410.09,2026-02-05T04:14:07.663135,STORE_25
DUPLICATE-ID,C32840,306.89,2026-02-11T22:19:43.765091,STORE_45
DUPLICATE-ID,C11762,32.99,2026-02-01T17:04:21.563363,STORE_18
dd0e30ac-2aab-4f0a-b66f-94bcd5a32cb5,C20890,74.68,2026-02-07T19:48:53.136589,STORE_3
81c701ee-2a68-4524-aa9f-22de52d34fbf,C33456,201.1,2026-02-08T10:01:24.492828,STORE_33
ac9adb2f-512e-4a1c-b160-b24f0d36dffc,C37495,363.42,2026-01-31T01:33:55.952466,STORE_2
c2fe7f6b-5e7d-46dd-9921-d303c7fdb8ca,C64551,47.63,2026-02-01T23:19:55.959411,STORE_40
DUPLICATE-ID,C54679,297.94,2026-02-02T20:41:04.389188,STORE_22
159116c8-28b6-47e3-9e88-dfe322b7dd6b,C92279,98.27,2026-01-24T01:49:17.769471,STORE_21
d4e26dde-4feb-48ff-83a4-5aa461cb0aaf,C58224,406.48,2026-01-09T08:44:28.070208,STORE_44
deed750c-b8c5-4b3a-b146-c134f7d525ff,C42904,150.13,2026-02-01T00:35:30.782374,STORE_40
1978abd3-4959-4dfb-9b42-0d8ecd06abfd,C55791,354.15,2026-01-29T23:37:55.324648,STORE_39
DUPLICATE-ID,C37932,395.0,2026-02-05T07:58:43.873909,STORE_33
aa8ec67f-59fd-4cb2-99dd-daa85d8b3f77,C80330,97.99,2026-01-06T10:00:57.722955,STORE_11
4659b6ec-6af4-4b16-a61d-007a5ccf4561,C79515,11.91,2026-02-12T07:17:19.251137,STORE_24
88f4d441-5597-4b9b-a6a2-9d608ef84bff,C53615,355.47,2026-01-28T14:22:44.398046,STORE_30
3b3c1f44-12a1-4bb1-a43d-39e2323ce28c,C49024,334.11,2026-01-30T01:36:49.557077,STORE_35
8d91f0d4-566a-4193-9757-72eea15c84d0,C20656,61.61,2026-02-04T23:43:44.034792,STORE_46
eaf6db83-8b75-47bc-86f7-61fb323a0614,C58326,44.15,2026-02-08T02:46:49.020724,STORE_25
fae05730-11b6-428d-b32c-aaec20d7d000,C34704,162.59,2026-02-14T11:22:43.244491,STORE_31
c20c50f2-9f99-4c2c-bdb4-fb646d2b2982,C12626,264.6,2026-02-05T02:00:24.541009,STORE_7
50119aba-7931-473d-b3fd-89c88b53b299,C29684,217.42,2026-02-18T09:09:03.397587,STORE_11
9eb22d87-8772-4b28-b27e-4dc73b8044f4,C12610,213.69,2026-02-17T16:33:10.717840,STORE_35
35514bb7-3ec2-4ecd-9618-27535c71d903,C67625,-7.32,2026-01-03T17:04:59.223085,STORE_32
DUPLICATE-ID,C95900,217.82,2026-02-16T23:29:43.942638,STORE_42
36732738-f3c1-448b-a9e3-e35b8d391ab0,C18238,76.81,2026-01-16T01:43:08.039600,STORE_7
f93732df-8aa1-4205-8d04-3493ef64ac7a,C61535,96.31,2026-01-29T15:09:32.983296,STORE_40
25e88cbf-0a9c-445a-aba0-e488f515a9a9,C39740,466.4,2026-01-03T02:09:26.694168,STORE_44
370a6b87-9624-41d5-90ad-06fc00d4eea2,C45902,210.7,2026-01-04T05:35:48.161639,STORE_34
7e705ade-e8ed-4710-916e-9fa20e97fd19,C65974,104.9,2026-02-05T09:00:26.325566,STORE_47
a0feafbc-0709-4e54-ae53-8cdedfa56e61,C21753,490.63,2026-02-10T22:08:16.603730,STORE_33
6031042e-ddc4-470a-b093-051154264a5d,C80715,-25.96,2026-02-07T08:05:53.633419,STORE_7
a4370118-f24f-4632-8d86-632245277031,C99713,257.45,2026-01-29T10:04:47.965575,STORE_2
1bd5cd27-8f16-4101-8ea6-f50a5beabdd1,C23406,-34.14,2026-01-09T13:44:09.403014,STORE_24
835e5632-3d06-44f2-9946-dfd608426d2b,C45263,264.41,2026-01-08T13:29:15.950699,STORE_46
7c91dd8f-47e3-402b-bee2-79973def5489,C63065,395.19,2026-02-04T04:21:29.456527,STORE_31
5ceada6e-a52c-4d29-9f7b-fb79dd319e8b,C19554,-27.41,2026-02-08T00:22:02.577043,STORE_26
2a63b172-7882-4735-b3c4-ac8a74c9eaa1,C52520,324.37,2026-01-15T00:05:00.060997,STORE_30
787ec2bb-d2c9-4ae0-afba-c457e0521c8c,C35502,66.95,2026-01-13T15:11:39.974035,STORE_21
0406e27e-83c2-43b5-840f-12bbdaef7f16,C34725,3.69,2026-01-06T13:06:39.147917,STORE_24
55dad8e1-59a6-4f07-bde8-c2fef5b3abf9,C60659,483.31,2026-01-09T05:49:39.721192,STORE_13
7fb9a214-5ff1-45dd-a35c-9321a7ba2e2e,C67634,122.57,2026-02-01T19:21:12.798999,STORE_18
91e6ebdd-81bd-468a-8da4-871fc62b7b56,C35236,340.76,2026-01-19T19:07:48.105200,STORE_16
9c830a61-772c-4ec6-a57c-b586d7365791,C53443,341.82,2026-01-05T22:45:57.187665,STORE_46
8040731e-d750-4dda-a409-a9f4c4816dfe,C39317,61.88,2026-01-17T23:56:41.794231,STORE_31
de6bb761-0500-48d1-b759-878e14680a6a,C66193,121.92,2026-02-13T09:40:13.181787,STORE_34
2b76c885-1047-4b93-9e4d-ed04b911c207,C16446,463.59,2026-02-09T02:26:50.406203,STORE_18
bbbc0171-ae0b-4d6f-8645-0e56529c532d,C37286,409.12,2026-02-16T22:19:48.787149,STORE_48
DUPLICATE-ID,C64633,45.59,2026-02-16T18:25:54.261739,STORE_27
DUPLICATE-ID,C74058,473.62,2026-02-12T01:40:29.197413,STORE_40
2f7868ef-c2bd-41be-a872-fa85d48b45f1,C69741,331.87,2026-01-20T04:22:35.817670,STORE_19
9ddca144-9ae1-4f9e-abb9-8bf9a0caa08e,C88775,482.72,2026-01-24T23:14:38.758771,STORE_8
f138fbfc-53d7-4bab-9584-71e9b4b48cb6,C94376,-27.83,2026-01-14T17:31:40.599517,STORE_40
d2473e12-a14e-4689-bad8-0056ef47a634,C60471,227.83,2026-01-11T18:49:43.605008,STORE_8
264ab15a-8442-4563-95d0-f0ac8f949220,C60782,68.45,2026-01-08T19:16:00.232197,STORE_48
79bab426-2a04-45a2-90d3-7645ae28dd32,C33870,22.81,2026-01-22T10:12:47.830042,STORE_39
7254ae62-9fc3-4d4d-9133-80df24a34fa4,C55011,-36.98,2026-01-26T16:41:56.726450,STORE_4
9dabf78d-d96d-4ed2-977a-144ff7b6b6e3,C28856,61.24,2026-02-07T20:16:30.963017,STORE_21
a5e02adc-d2de-433e-999f-9831d61bc41b,C75209,80.5,2026-02-02T14:31:18.601893,STORE_30
2739897a-4adc-41e4-b09a-cb80f8ef45f4,C28240,420.48,2026-01-29T04:22:12.727209,STORE_32
eacd939e-1c7f-4baf-8c42-74cb2afb83cc,C88788,24.74,2026-01-21T16:48:21.862986,STORE_5
beb71af3-f1fa-43c7-b6bf-ac534d02d5b5,C84452,363.33,2026-01-03T08:30:01.274346,STORE_4
e50b9110-4877-449a-8fda-144652c0bd6a,C10812,91.92,2026-02-17T13:20:46.546880,STORE_27
d4a40935-e7c0-4ba0-b2fc-fd849813fd13,C33098,268.44,2026-02-03T14:34:06.976288,STORE_20
ff9b0d15-a853-4156-8f48-f36bd9c621c4,C84993,394.37,2026-02-17T15:27:42.795827,STORE_44
5ff9bf1d-03da-433d-b37c-957bb1636ac5,C48392,193.59,2026-01-07T15:58:49.590239,STORE_13
d13be169-8045-4764-acd5-5c9e6a179ed2,C45664,292.62,2026-01-12T12:58:25.006275,STORE_13
b4816bc3-4f79-4b13-96ab-f0eec33c2bb3,C43827,169.55,2026-02-12T22:48:16.628275,STORE_49
6a6f60ce-d6b1-4175-8c0c-b3ab1c54277d,C17846,-1.66,2026-02-13T22:39:05.201006,STORE_34
DUPLICATE-ID,C24653,371.75,2026-01-08T11:17:33.322825,STORE_19
623c22e3-5d5d-40c9-956f-d1d3b9055795,C15516,141.4,2026-01-01T21:24:03.786018,STORE_36
14c56600-ec3b-4772-ae50-9e5683bc7602,C97970,92.55,2026-02-07T17:28:24.514274,STORE_33
7d8a3ca9-35dd-476c-a2e3-fb59b83b0ffb,C86391,275.77,2026-02-17T20:05:12.358940,STORE_5
468027ff-cc56-4f29-bdb6-d10f7c3bb13f,C70553,461.71,2026-01-13T01:21:16.367547,STORE_38
131b0152-6b50-46b3-bf8b-77f9cc9633c3,C77492,400.26,2026-02-07T00:43:53.493916,STORE_34
e2dadf48-285f-4bea-9c29-aa9d295ba37a,C83890,345.46,2026-01-10T00:06:04.044755,STORE_42
0526aa99-4120-4558-8b42-191687dc5037,C10674,159.28,2026-01-13T07:03:21.933437,STORE_25
ec7d0cb7-9416-4d54-89cd-c6322f1e8c45,C51162,90.47,2026-02-18T01:06:23.901509,STORE_49
f78dbb27-dee2-43b9-abd7-c21d7d986d42,C47802,371.15,2026-01-27T21:00:44.114156,STORE_35
c11493fb-87d9-46b4-9c95-4df763dff0a9,C67942,348.47,2026-02-11T05:53:08.391073,STORE_4
44ca2adc-ddbf-41a9-806e-31ac3512c109,C89713,305.86,2026-02-04T15:05:41.297503,STORE_23
29439deb-a555-498c-bcf0-de093b148c66,C12703,346.14,2026-01-04T05:54:42.712575,STORE_26
7a49032e-3fda-41c8-8693-6a8347974895,C18044,395.92,2026-01-18T21:02:52.364170,STORE_38
c631b666-2f26-4462-81c0-9632fe4195ba,C64901,182.25,2026-02-12T03:02:30.846302,STORE_10
8e72d804-795d-4080-bc61-cddf9edf4a08,C36053,235.94,2026-02-06T04:28:44.058130,STORE_30
aabd535b-eb17-485e-81f4-e757bae1873e,C10140,10.81,2026-02-08T11:57:36.418677,STORE_14
23725cbb-905c-4538-8d85-4ae1eed5bfeb,C70623,-45.14,2026-01-07T04:54:06.480325,STORE_29
a0134b65-8da3-423e-b31d-bbaa25334595,C68156,77.48,2026-01-07T02:28:38.625959,STORE_34
c16aa891-5314-4aac-ad93-12f5c686b00f,C39164,128.99,2026-01-29T17:52:35.789174,STORE_1
7f636092-db18-430e-a6b7-b6176b4c769f,C31479,124.57,2026-01-03T16:57:13.372612,STORE_43
b98d124d-5628-4370-af31-b5d452905570,C53079,266.68,2026-01-08T14:15:10.953976,STORE_17
c1cdbf5a-2b96-41a4-8812-9cf369fd052f,C43930,326.41,2026-01-13T03:11:27.609316,STORE_16
41630b95-0c83-4ef9-bc31-b90cc92a8021,C45979,337.14,2026-01-19T17:54:03.253326,STORE_15
9fc17f01-7561-4bb7-89a8-44d7cc709bfd,C77067,425.79,2026-01-11T21:49:31.628604,STORE_33
1e0c0ced-d396-404a-8e35-cbd115b82836,C92781,315.72,2026-01-29T01:49:10.610078,STORE_5
b9a50a75-42c3-4ae0-b0a3-a646ed89db8a,C50025,219.76,2026-01-16T09:34:06.458673,STORE_26
cd6a315b-78d2-474f-8500-941c279c558b,C34813,76.48,2026-02-04T16:58:46.404797,STORE_23
a9b3c497-8555-4504-8b63-9d991de2e134,C94675,156.96,2026-02-11T12:18:41.303685,STORE_36
d5ffb0b3-7075-46ec-914a-2bcb44242371,C21651,170.42,2026-01-08T19:47:11.781005,STORE_49
3e2c26ee-409d-4945-99cf-492554cfddb2,C85391,456.61,2026-01-19T00:32:30.686024,STORE_21
82b7b52d-6ac5-4b64-ac2d-bffe1ee2f3c3,C51491,82.16,2026-02-12T04:37:21.885820,STORE_4
1ffb9367-3513-46c8-b675-bbb287a9fa3c,C41513,467.52,2026-01-12T10:07:21.523201,STORE_9
DUPLICATE-ID,C15781,237.87,2026-01-28T18:54:27.487993,STORE_24
4ecef5b7-1700-49b0-94fa-658e3184b951,C85308,218.97,2026-01-04T04:51:47.383080,STORE_35
9de4d4ca-c826-48b1-9bbe-f8361574e15c,C31724,71.11,2026-01-02T16:17:37.165897,STORE_36
7ac7e836-e03b-41db-bfd4-36aeaa7c9793,C90390,-7.39,2026-01-08T04:36:14.429413,STORE_26
63c76dc9-e33b-4ffd-a561-db03394a4844,C46915,-11.74,2026-02-09T07:38:16.386822,STORE_25
c4db952b-5964-4f4e-9646-0f35cdd7cc12,C15792,16.74,2026-01-06T15:33:36.459099,STORE_20
ee9c6689-a9a0-4443-af63-14b38fbf97e8,C39706,100.04,2026-02-14T08:44:33.978499,STORE_6
78549ccd-e58e-4dfa-8918-bf06deb25c67,C11948,283.67,2026-01-30T23:37:01.141980,STORE_31
7b70bc93-8e2e-4208-adbb-ecb0b0d5d4e8,C23361,389.63,2026-01-23T13:15:46.654354,STORE_43
84eee423-8657-483e-921f-bc57a5de9b9f,C53606,484.48,2026-01-18T02:10:18.768100,STORE_4
87b3d31b-6db2-49d6-877c-d7fd15665975,C73788,256.73,2026-01-14T15:01:22.437912,STORE_34
4c6994c1-75de-4dce-b52e-7dfffe3e0430,C84326,270.48,2026-02-11T21:04:35.374358,STORE_28
9ee47e9d-966f-4f5f-80fd-c00b01808009,C25518,179.56,2026-01-10T06:50:51.599792,STORE_44
6a729d95-a283-490c-b116-e0e924aa003c,C29199,401.85,2026-02-10T14:13:35.976598,STORE_6
90b31623-e2c6-48f5-8957-bf7dc59f1d9a,C34059,8.05,2026-01-10T04:01:39.781982,STORE_34
80285cf5-4385-4b77-8b41-788abfc8a20e,C55413,386.94,2026-02-07T00:04:06.910860,STORE_30
a76a0403-9f2c-4d30-b26e-6bf7784720cf,C30885,59.17,2026-02-06T23:43:42.039285,STORE_29
256a8cd3-afef-425b-bbc8-29f481e037ba,C59086,257.6,2026-01-16T17:06:00.348806,STORE_36
e63b2239-3612-4bb8-b442-a3b0d2408130,C48929,-10.96,2026-01-13T19:17:50.381855,STORE_31
0c7b76b6-bf9a-457d-9ffb-ef55639b327e,C87581,101.64,2026-01-31T18:02:58.361378,STORE_9
25240211-bdb8-4f7e-badf-124438a4d695,C20862,88.4,2026-01-20T15:03:40.497275,STORE_38
04bab8d0-066c-4836-b0eb-955c40a4b3a8,C16439,394.04,2026-02-13T01:37:00.852558,STORE_36
d3801b98-9b43-40c0-96e3-fe1cb8f4a100,C31367,19.54,2026-02-05T16:20:03.695935,STORE_47
8e9ee9e8-5f76-4644-b243-423e2a44d054,C15117,47.21,2026-01-28T19:11:09.366772,STORE_50
d638ed2b-36bb-43ad-9e95-3e9d66cb01e8,C95750,156.98,2026-01-29T07:56:42.463359,STORE_1
44cb1e3a-b5ab-4ed2-a26d-407dc9a0dcc2,C16036,401.63,2026-02-02T14:34:39.460722,STORE_7
02d3fd4e-3569-4c6b-8310-3613b57b9567,C30477,384.41,2026-02-07T15:14:48.503776,STORE_17
90b6ad9f-64f1-4bf1-965d-38f68ed00acf,C78723,452.26,2026-02-14T08:18:20.133040,STORE_27
f58981df-c140-4db1-ae30-dae10f1e71ff,C69629,255.0,2026-02-17T15:29:46.960737,STORE_21
d83c6939-8487-40b6-baae-98cef7c95633,C86173,278.51,2026-01-26T09:49:50.423194,STORE_48
52ec77bb-87e3-4459-9546-4c3a735e32c8,C69384,450.38,2026-01-11T04:18:35.441239,STORE_39
b52e3a1b-8322-4ccd-92d0-7254cca25513,C66843,475.82,2026-02-18T05:04:51.390700,STORE_4
e219dead-7680-4e70-860f-283d937960c8,C93642,214.03,2026-01-30T00:30:06.573461,STORE_42
DUPLICATE-ID,C49186,19.05,2026-02-01T00:07:40.734797,STORE_36
ae23d614-2c76-49e9-96c1-81b000f008b7,C55820,478.71,2026-01-06T18:50:13.384522,STORE_37
5e0f08fa-b008-406d-99fa-78e83ae97da1,C89977,96.39,2026-02-10T21:00:49.205451,STORE_44
5d6fd5bb-0b9b-4902-be82-fad0e6cddd35,C48464,-25.46,2026-01-15T15:30:25.529408,STORE_6
b0dda247-0aad-4757-b9bf-2f36820c26e3,C46411,-26.58,2026-01-30T19:11:30.712034,STORE_16
cf739d1b-b82a-4309-8957-b05bf74c0772,C98315,412.3,2026-02-02T01:40:18.131478,STORE_13
d79a8d0a-11b9-46e4-8eb9-4e2fdbcee5a1,C53628,403.8,2026-01-22T19:36:22.177289,STORE_8
ad69646a-386b-4636-b69e-d86a4b956abb,C49654,148.04,2026-01-15T16:39:16.909043,STORE_9
c9c9193f-70b0-4883-92be-9d54bad1152c,C71952,206.17,2026-02-01T18:59:11.770713,STORE_45
db5d332a-3506-4740-bb34-a76901cec501,C27368,108.38,2026-02-14T00:59:07.387962,STORE_35
5a302ef1-1bbe-4f1b-be9b-19c65a274b96,C79409,61.93,2026-01-14T02:49:55.865202,STORE_35
8c22144c-7434-4856-95fb-7b8708a847bd,C83655,434.55,2026-02-11T11:20:13.776458,STORE_2
d8a5f91d-f767-423d-9f18-6f61d1115112,C78054,7.07,2026-02-03T10:42:06.671205,STORE_47
80bf7b30-0e68-4762-a9af-0f9c4d0b66b2,C96030,367.48,2026-02-10T02:30:55.841367,STORE_15
DUPLICATE-ID,C45499,368.04,2026-02-01T13:16:12.746648,STORE_50
8338a20f-be26-43c4-bc4e-27dcb152be10,C95717,282.73,2026-02-11T08:27:17.498167,STORE_36
bcdac290-bafc-4e3c-848b-f68538994e61,C65938,321.07,2026-02-02T23:13:38.292171,STORE_24
e3809520-f90d-4d26-a35b-8bcf9b9f1f8e,C78367,282.75,2026-01-26T19:07:09.418466,STORE_37
16cf9a51-4896-462a-918a-7e3f0b4c0a17,C12644,229.55,2026-01-28T07:23:58.351845,STORE_8
c89681a4-cc64-4873-b185-def5d598ccdb,C77243,191.92,2026-01-10T16:37:07.214495,STORE_39
98775fbf-6f68-4651-a163-d351b148cc42,C17482,10.15,2026-01-14T09:20:43.215856,STORE_17
e2a790e0-f74c-4aa8-90da-3b1f0249595c,C26507,23.44,2026-01-02T16:23:42.142210,STORE_2
2c742932-f27b-4c7a-b97d-292fb58613cd,C67879,43.93,2026-01-21T11:15:42.325309,STORE_8
29a07cf6-d42e-4343-bda0-7e3998b2ded4,C20493,-0.86,2026-01-21T02:49:34.861321,STORE_4
67043c6f-7b64-45f5-9c6b-8af45f866dd0,C98155,62.96,2026-02-13T00:02:06.455454,STORE_30
8351ae3d-3d42-4703-a28a-04eacfcbab0d,C97574,461.46,2026-01-03T23:25:40.817414,STORE_2
82fa7bb0-aadf-4b50-a959-74093f992cab,C46139,36.37,2026-02-04T02:26:46.027816,STORE_40
b4e9f5da-67d1-4d6b-a437-8d00b78be566,C36610,295.36,2026-01-02T21:47:55.066108,STORE_16
b2fc0908-aa8f-4e2e-a898-7fc3fc4b9b1e,C66017,53.39,2026-01-14T11:06:32.084821,STORE_5
faf44190-957e-41b9-be7a-fbb6bf90c092,C83159,-13.64,2026-02-14T00:05:16.118207,STORE_37
bc5360e1-dbb2-4935-a724-baf951dc4ccb,C76491,479.9,2026-01-31T09:39:18.240887,STORE_30
662cf7a9-f2f6-4945-b69d-c4fc7d566e0a,C97143,37.97,2026-02-02T07:27:02.160075,STORE_36
f1442252-30a5-4c76-bde7-1dcdf6311b64,C48663,456.08,2026-01-09T21:59:31.330086,STORE_25
33ae1e32-7ab7-42e7-8b14-6eb3a5e75f58,C48663,186.31,2026-01-24T04:14:28.055506,STORE_37
c6d33417-da00-4ffa-9b43-1d970997b002,C85729,359.74,2026-01-24T23:58:39.156186,STORE_8
a77c7c68-ac6b-48db-8bbf-a62571fd1072,C77713,58.68,2026-01-21T06:43:31.143408,STORE_22
329c3406-29d4-4cc6-9823-405bdb9cadeb,C83224,401.24,2026-02-07T14:44:09.883460,STORE_3
d99823d6-20e6-4a7f-95a2-ba2cc14edb2f,C62058,277.2,2026-01-22T02:48:49.356972,STORE_45
95280a2a-fa85-433a-be10-296bc289fc2c,C80187,197.53,2026-02-08T18:33:11.399433,STORE_35
738b6313-ade4-4608-93da-b33ef380681e,C30379,67.57,2026-01-25T16:13:30.774941,STORE_19
c295712e-ec79-44ac-b452-66abeab8b052,C40674,301.08,2026-01-21T04:48:54.188909,STORE_7
9504e7d0-b46a-4bd2-b91d-1560763b83f9,C76888,251.47,2026-01-08T02:18:11.059770,STORE_22
cbe2e1d1-8728-472e-bca8-70b479b612a5,C11971,81.2,2026-01-06T15:37:27.624797,STORE_15
2560abe9-f7e0-4dcb-bf6a-2245f3c30c86,C19603,481.93,2026-02-16T01:22:02.869708,STORE_30
a3ee0a26-c543-475d-ac51-f8827c90f459,C80887,366.68,2026-02-07T02:21:41.425940,STORE_5
e32cee08-feae-453b-bc4e-ed0a84bb8d7a,C66265,239.51,2026-01-10T19:41:49.339130,STORE_5
990dfcf7-7f64-4d06-9309-bba86479495b,C76168,-5.11,2026-01-03T05:43:16.791785,STORE_48
d0788fa3-5244-4d14-9bd7-a13902837b7f,C93735,43.0,2026-01-26T03:10:09.898782,STORE_46
c5c04710-a5d4-4d4d-8645-57bfc6ba2522,C95807,252.64,2026-02-16T15:05:10.447283,STORE_34
f144c36e-fac5-4462-8bdc-65b8229e6960,C69205,-24.16,2026-01-26T21:12:51.116226,STORE_18
DUPLICATE-ID,C65955,418.25,2026-02-18T03:22:19.907560,STORE_48
e05fdab0-f662-4e2f-8855-7e090a71ee38,C34294,217.29,2026-01-30T01:45:35.960355,STORE_43
70aeabb4-4a2d-4a9d-ab86-f7036109a97c,C69829,44.41,2026-01-15T06:24:23.442175,STORE_25
4865cee6-431f-457c-8466-8386e6de045c,C85851,258.61,2026-01-03T05:33:35.359251,STORE_23
37679ce4-5af9-4663-85e4-4a7c8f672e94,C54325,378.52,2026-02-11T23:03:49.756596,STORE_36
9d053aa0-3404-44b4-be55-4fe6afe73c45,C43058,274.58,2026-01-25T16:34:23.499599,STORE_1
eb12c22f-0950-4151-80c1-76359f49bbb3,C64165,469.94,2026-01-20T02:29:52.144896,STORE_27
DUPLICATE-ID,C68287,117.26,2026-01-29T21:34:23.400587,STORE_40
c1a5e10d-b899-4699-9bf9-8a676adade4a,C91670,344.75,2026-01-27T14:26:08.083290,STORE_6
79513e7c-a5ba-41fb-adcb-f1181a1b0337,C25299,-48.41,2026-01-22T19:36:35.848654,STORE_11
0df2d243-b386-48d2-b51c-10b07e35c919,C67353,460.28,2026-01-29T05:19:49.362762,STORE_48
5cd71ad7-790d-4b2c-a458-3e12d48c959d,C26796,2.6,2026-01-02T09:33:37.542465,STORE_47
92ba3aa4-8b83-4146-a968-9a71941e844b,C69005,170.61,2026-01-17T09:44:04.950063,STORE_14
fdfb0362-432d-4ebf-8018-d32522a6e8e8,C87024,341.42,2026-01-22T02:36:20.810203,STORE_11
82bbe375-cd16-4d4b-a8c8-8014fc15b801,C53325,196.94,2026-01-21T05:32:18.814822,STORE_45
3e6a3d06-9e1a-4d6b-a3e0-820bc52c00f1,C56946,499.3,2026-01-25T18:10:04.567098,STORE_17
47870d55-646a-4700-bbca-3c97648719a1,C56759,3.69,2026-02-02T19:42:21.849752,STORE_2
646c6436-2c0a-47ec-af13-6d4b28fe7a98,C62453,150.5,2026-01-01T22:16:11.681258,STORE_11
475bd10f-abcb-48ee-b5b1-73702bcf2b90,C96012,7.11,2026-01-03T00:00:16.451520,STORE_2
0ba1cb53-f4fc-4026-9dcb-665da4aa38e4,C54619,9.79,2026-02-13T23:31:41.409799,STORE_17
84a22934-82c6-4668-afd0-a568d14dd7e6,C92972,21.45,2026-02-10T01:00:29.354572,STORE_14
c0b2a0ea-0047-48f2-b83c-850cfc5d6a7b,C86740,261.58,2026-01-08T02:23:17.288853,STORE_46
94186d9d-04d8-4f7f-9446-ead36833ebf0,C56568,414.88,2026-02-10T06:46:38.274686,STORE_28
DUPLICATE-ID,C98448,252.86,2026-02-09T03:26:48.139245,STORE_18
1c675267-392c-409c-b252-6076c04bffbb,C34034,61.5,2026-01-21T07:23:26.721347,STORE_12
9c68466a-cf43-4b57-a91f-4bb02c45c783,C52486,359.81,2026-01-30T22:29:13.892554,STORE_13
94efcc45-2270-4dd0-92a5-b8d85a03d9b6,C92010,110.45,2026-02-18T01:01:43.640436,STORE_24
bf2ce458-e29a-457b-9585-8a371982f1a9,C77396,473.04,2026-01-04T12:13:34.110580,STORE_31
7c2c7a22-4183-484f-81bf-934d732f332e,C71841,-41.17,2026-02-08T01:27:00.215673,STORE_45
eb1e5e6a-2cd6-47b9-82c1-88838cfa25ee,C32794,382.65,2026-02-04T01:44:42.768574,STORE_32
81df7a3a-b7fe-4f7e-af75-21e3439ea222,C97843,252.81,2026-01-22T10:33:34.564851,STORE_3
bb9e1a16-55d0-4d12-b8d4-773effa0d66b,C10636,384.85,2026-01-29T11:21:47.358393,STORE_33
42c49ef3-dbef-4798-88ca-73c24f17b923,C56294,80.14,2026-01-30T13:56:02.466184,STORE_34
775ea65d-ba64-450e-ba55-18970a0861dc,C80753,456.47,2026-02-11T21:46:06.193741,STORE_41
d44efe58-bb87-48de-9d08-993401117992,C77610,456.75,2026-02-06T07:40:52.332745,STORE_12
88dffad4-dcc1-4f32-adc6-d92ec9934581,C57660,-18.67,2026-01-31T07:49:25.298597,STORE_15
56ab63c5-c799-48d6-9b19-d90f4b6c9591,C28137,-24.06,2026-02-02T20:14:51.858755,STORE_10
4a1a8a1e-812f-47ca-b4bf-00eba0ee5bda,C97676,376.68,2026-01-14T23:59:37.926401,STORE_16
0c0703ac-87fd-4c5c-9e9e-a95dffbb1ee0,C84744,371.82,2026-02-13T01:26:24.616399,STORE_37
b5a3a44e-7c11-4e1e-8cae-04a2a7be580c,C27101,467.62,2026-01-15T05:26:35.691150,STORE_13
a703ec8c-5b88-4e64-b7b7-3f30c1b54780,C62199,460.07,2026-01-27T11:14:36.668756,STORE_18
0bf7bc53-4202-4126-8b38-5b318ec02176,C72861,428.9,2026-01-17T14:27:05.820874,STORE_32
01e161ad-3856-4750-a679-8c746aa742b2,C23065,480.31,2026-01-20T02:39:21.597666,STORE_50
7c872d82-63f3-4c62-83ac-9b6277058055,C47518,488.57,2026-01-30T02:31:32.971478,STORE_19
ccf87a97-3afb-4caf-9b5f-51a9f9e6ef00,C12750,18.54,2026-01-29T18:22:02.004853,STORE_20
3116deee-b4ba-4887-8417-b5baf80df7a6,C61616,-16.35,2026-01-11T20:02:50.255204,STORE_48
33d3dd13-3368-4b2e-9c63-521cead8acc4,C81958,452.15,2026-01-24T05:54:47.388101,STORE_27
4d41b53b-f011-4d69-83c0-a31dde8adf22,C96633,-6.52,2026-01-15T20:43:39.366926,STORE_6
37bc8108-6fd6-439d-a467-14a23f4c139d,C85615,106.24,2026-01-28T21:24:56.339487,STORE_15
796d8dff-e9c4-4b79-9512-56a6a60b8822,C83790,302.07,2026-02-12T10:26:44.203821,STORE_31
f7f40cf3-f5cd-455a-a407-3c278c668fc3,C88720,76.36,2026-01-27T21:31:41.729336,STORE_6
be8457f4-8378-4da3-9f43-944cb96a503e,C65077,181.93,2026-02-09T22:11:51.634434,STORE_24
3285291d-1ab6-4eba-ac81-0e77d0582874,C21032,-26.02,2026-02-01T07:31:04.544879,STORE_50
48d1d885-83b3-4668-aafd-079180d4751a,C32381,-35.43,2026-01-04T07:06:21.133464,STORE_34
464794a6-a668-413c-9f1f-7527f106ae70,C76145,60.18,2026-02-13T18:28:40.788713,STORE_42
ad375de2-5d96-46ee-a75d-4066781af9cd,C22089,318.38,2026-01-20T13:32:06.481557,STORE_4
15802b51-555a-4501-8153-a47e98bcee30,C59791,453.28,2026-02-08T23:59:28.261216,STORE_20
ed5069c9-976e-4fad-a5c1-cf762a7c545c,C26533,79.45,2026-02-04T14:50:44.352006,STORE_50
429dbd86-133e-456a-a380-185fc66a015a,C28869,498.51,2026-02-04T23:19:04.569923,STORE_16
1fc9be02-1eba-4826-ba83-72d252bed236,C50171,217.27,2026-02-04T01:52:09.664884,STORE_19
a4a774f2-fbac-4e68-b0d4-2fdb1e76c40e,C39556,390.93,2026-02-10T00:58:22.668045,STORE_34
36830611-70d0-45d2-942c-060e6934c6e5,C81580,329.57,2026-02-09T06:58:35.484808,STORE_7
d4f07c0b-acec-4d01-86a7-5660da87082b,C94373,107.89,2026-02-09T01:47:33.617915,STORE_24
d1eed829-7111-47ad-8c64-dc948348c935,C97940,419.61,2026-01-22T11:57:16.133607,STORE_27
f948c629-3196-4816-a7b6-aacc54cafe86,C77115,457.79,2026-01-02T04:22:22.052156,STORE_36
b26a4b04-6ade-47ae-8a56-4be9e58839d5,C69610,162.5,2026-01-12T18:21:38.640573,STORE_30
a76a8ddc-eb72-49d3-a505-bae0013b8bdc,C87627,443.01,2026-01-23T06:31:10.341894,STORE_34
b1707c39-9208-46f3-8894-00e34587a787,C35046,221.39,2026-01-01T02:31:19.112852,STORE_47
f760d290-3619-4e99-8970-11b830a76640,C19880,253.47,2026-01-08T07:39:43.430841,STORE_8
36b414d1-c4cf-4432-9d63-d6302923ca4d,C31306,-11.82,2026-01-23T17:55:09.285581,STORE_47
b0aa00f0-633f-4800-9249-d059ad3f13f9,C30273,460.66,2026-01-13T16:02:22.608913,STORE_23
2f47cef6-20dc-44b9-9128-de5adaf8ed6f,C34200,351.07,2026-01-12T06:21:40.220503,STORE_41
fa0c4694-6434-4974-acdd-77027099766b,C44957,364.14,2026-01-15T07:43:55.091451,STORE_41
84fd5f11-b0e1-4ff7-9f6c-12a5f9a71b7f,C36017,74.72,2026-01-18T10:29:52.211962,STORE_44
2065f731-fb4f-464d-89b5-345ef2ecc17e,C63415,107.56,2026-01-20T14:47:09.550039,STORE_41
948656fb-1a6f-41d1-9958-91475f3fe07a,C95835,112.46,2026-02-03T03:29:29.876421,STORE_36
ada961d5-47ca-4cb4-8125-f8965635143a,C44903,361.26,2026-01-28T16:02:26.973747,STORE_8
8ff58778-9690-4289-a2ee-a068923be6bd,C44896,33.46,2026-01-26T06:21:10.469148,STORE_40
82246b00-6232-4db5-9ab5-5c29c4c07933,C60472,310.06,2026-01-11T04:39:42.276940,STORE_4
c19d8848-abf8-484c-b102-a0f240eca625,C52084,409.61,2026-01-03T18:22:11.597952,STORE_29
8bef9d54-eabd-4605-8c3e-2e8f7e389d99,C13227,-6.72,2026-02-08T11:31:16.512366,STORE_41
b0a4c579-ee60-4361-9dc0-14d033af8596,C96867,310.26,2026-02-10T07:35:21.126454,STORE_33
f224e109-2039-4820-bb19-68fc427bc871,C37773,427.32,2026-02-14T21:16:18.494837,STORE_38
eadcba97-f545-40cc-84ac-72f7c6a0c190,C45783,370.43,2026-02-12T11:55:53.678506,STORE_43
c5a85a39-d7aa-42a6-a978-b64cf5086188,C32462,145.06,2026-01-19T03:10:16.883779,STORE_27
334c4fbb-c3c4-4678-94f8-7bcdcb3b9b04,C74435,394.47,2026-01-02T01:14:32.992916,STORE_39
97fe1c72-194c-4974-8ee2-3070e9000c4e,C59254,161.96,2026-01-13T08:38:09.473838,STORE_2
b2e7a31c-644a-4e6a-9293-10c481c161e0,C26936,116.64,2026-02-02T14:49:14.586004,STORE_1
971993c1-58df-4f2b-a3cc-1c344cfdec06,C62612,415.66,2026-01-21T02:19:27.998695,STORE_22
DUPLICATE-ID,C62321,95.25,2026-01-30T18:44:33.943620,STORE_24
1599bf77-4ba5-42dd-8196-de50c22ac3f9,C38869,102.94,2026-01-02T22:46:15.898861,STORE_6
88b8a498-bead-4648-b0a8-eb64070a0347,C70214,101.58,2026-01-14T22:29:36.701279,STORE_43
7fb532f3-55dd-4f06-b900-cbe875458a48,C41885,-15.86,2026-01-27T08:06:32.637209,STORE_14
c31ef735-4214-4f1a-a81d-c2320521b9ea,C56218,276.33,2026-02-01T04:28:33.986834,STORE_5
d68b2a29-7745-4625-9c46-5665142c0646,C24613,156.87,2026-02-11T06:57:31.570821,STORE_30
ecdeeb5b-5687-4ac6-939e-d0f0447f40f3,C54981,116.71,2026-01-11T12:34:44.752074,STORE_43
902f4ce0-d178-4082-9b8f-4292acb7a1bd,C16989,228.54,2026-01-04T04:33:37.172960,STORE_49
4141f2c7-f6b0-4775-8b3e-167f6cc04ba2,C29305,261.81,2026-02-16T17:52:24.925844,STORE_40
e7bf30d5-0768-4d16-b640-a4cd22dd80b1,C72554,278.73,2026-01-26T06:01:26.993296,STORE_46
d7c44d6c-12d6-4cba-b83a-9598308f7c23,C21869,104.27,2026-01-20T16:26:04.276898,STORE_43
506a07dc-560a-45aa-890a-1e361bcb78ff,C95374,495.24,2026-02-11T06:56:32.710946,STORE_33
d8f3da3a-0b3f-4b21-928d-68e5b1b40f4a,C60030,259.55,2026-01-01T21:01:59.191316,STORE_3
d2b0366f-5ea1-42a8-9856-acdf473dfcb8,C59052,60.26,2026-01-11T05:10:50.901188,STORE_23
fba2229b-bc29-432c-8638-04decaeedf72,C73376,92.7,2026-01-15T13:47:09.745024,STORE_20
7dd7793b-c6ce-4647-8913-c0ea22b17d01,C89076,245.79,2026-01-30T15:51:05.124289,STORE_23
76862d13-55ac-42c7-8097-999f105ee8f8,C68939,172.6,2026-01-18T09:49:41.569646,STORE_17
bbe6a289-7413-4e80-81ac-c358f558cee7,C41082,478.98,2026-01-01T13:15:08.551331,STORE_9
caf0c5be-3a01-4d48-a65f-c4ac9549760b,C52832,166.43,2026-02-05T02:06:05.871966,STORE_46
4f30e9dc-ebd7-4a91-8f63-28da10e0abbc,C95859,324.6,2026-02-06T17:31:56.483489,STORE_19
a3adb508-d595-4bf4-9695-3b7e2ec52a25,C17748,207.78,2026-01-17T22:57:23.251307,STORE_1
b8343240-00a7-47a1-8bd9-298a1bbd27e2,C38706,234.09,2026-02-02T08:19:21.298975,STORE_22
3e775416-b259-4264-8cb9-294b403204e7,C35159,203.78,2026-01-13T21:43:39.123438,STORE_29
ca823542-4035-4b12-b7d9-414009c3cbb1,C80692,11.53,2026-01-20T07:24:14.383435,STORE_10
4fe8e212-729f-4e1b-be52-9b358124f364,C77137,330.99,2026-01-09T10:06:03.060290,STORE_9
db7b4cdd-0b66-4ad3-8a11-fc732853ae14,C15723,448.42,2026-02-01T13:00:44.967077,STORE_22
a2460383-1589-4a1d-8203-7335570846f4,C45261,20.63,2026-01-30T04:14:25.159375,STORE_41
2090712c-2bae-427b-b13e-6eb2190f8f06,C11160,257.33,2026-01-30T03:24:04.323013,STORE_44
4c35047a-62d1-4181-8a66-ed2237e126dd,C82045,136.16,2026-02-12T00:34:14.279925,STORE_5
c5d4479e-4cdf-42ff-9ff1-9af1a68b86b8,C97640,464.41,2026-02-02T01:19:22.274274,STORE_17
67f75e26-5a90-486f-9570-9c99e08ee185,C72452,195.81,2026-02-18T10:49:35.273194,STORE_13
57474b3f-aaa0-4db3-a263-62d2f94f9aca,C68546,-5.21,2026-02-07T11:21:15.598192,STORE_14
1ae48dc8-7f14-43ce-b727-25f7cad41a66,C18189,362.32,2026-01-15T19:06:58.576348,STORE_41
019939f9-ef06-4ce8-9ad1-ff957a874209,C37886,492.34,2026-01-11T19:47:00.062855,STORE_11
5bee1c51-b327-466d-838d-23e1b6143c8d,C27462,100.1,2026-02-13T20:46:37.627645,STORE_2
0e6b831d-2691-450e-bf30-05f0adad3831,C93028,87.18,2026-01-31T07:21:15.130755,STORE_17
c3b9bc2c-553a-4d6e-a8d2-8b51bfcc59f1,C17403,130.32,2026-01-21T10:28:08.393648,STORE_50
d8faba13-6738-4fc4-a0b9-641fcfbe9078,C45750,38.64,2026-02-05T13:55:47.138493,STORE_14
7cb187c0-2300-46fc-a145-647085dfe08d,C72408,159.33,2026-01-27T15:19:56.577852,STORE_42
929975e9-4df4-47db-89cd-4b8ba3853c1c,C55121,473.4,2026-01-27T20:47:19.758531,STORE_7
458f7473-6a5b-4442-8429-294243987b80,C25551,232.44,2026-02-02T00:25:33.291343,STORE_18
d72a968f-efa8-4366-b6fe-d7f9343798a8,C83037,252.06,2026-02-03T21:54:53.150773,STORE_33
2e16ece6-95b2-4e7c-8fab-e42089ac3612,C93956,216.2,2026-02-02T23:44:18.027681,STORE_43
bc18220c-fad9-4002-ad15-b7e994d86669,C29597,4.45,2026-01-16T12:55:42.057768,STORE_49
04cc2076-219a-499e-8e84-77587fc25f3b,C63954,265.82,2026-01-01T18:04:40.042444,STORE_39
78aadedd-42ca-4134-b745-c9fe46c83ab4,C92370,375.66,2026-01-11T22:53:02.166610,STORE_10
4c19bd11-8e20-493f-b41d-a15ea45ca496,C13166,422.27,2026-01-06T16:19:43.641704,STORE_25
496bf83a-a163-4dc1-b021-fbb11d613d70,C97595,78.68,2026-02-15T11:50:48.959163,STORE_4
DUPLICATE-ID,C35473,278.93,2026-01-31T12:46:19.655802,STORE_6
b4561d4b-cd95-47c2-89c1-8d7175bb5264,C92713,222.1,2026-01-17T00:41:18.749565,STORE_47
3a6c16d4-663d-4672-8aca-a5785f85fc1a,C94161,360.47,2026-01-21T08:54:35.008463,STORE_7
DUPLICATE-ID,C99985,409.09,2026-01-05T14:43:01.665933,STORE_14
7dd82e0f-bedb-48b6-af73-2290d9deee53,C30840,158.0,2026-01-22T05:55:17.061118,STORE_24
1c56e245-e521-40e4-8985-88808f09bd51,C49285,96.73,2026-01-22T10:54:44.264014,STORE_47
a6c51d63-77d3-4b48-85cb-434600e62e67,C17211,143.41,2026-01-12T02:38:48.022198,STORE_46
DUPLICATE-ID,C76365,291.45,2026-01-30T01:26:25.616771,STORE_45
e1869e80-803d-4e87-8e45-630d81eca572,C94081,300.79,2026-01-09T12:03:46.130906,STORE_39
9b77d3c9-1884-497b-a61e-2036ecc9f193,C65465,29.75,2026-01-04T14:05:49.490723,STORE_48
7604c439-8d65-40e7-9c76-6736b7f03915,C23148,453.96,2026-01-01T15:52:00.516042,STORE_8
8a04f628-f793-4663-ab4b-5a92c35fd490,C19507,205.95,2026-02-13T01:24:14.475414,STORE_32
cc80623f-3291-45fb-a437-29e827d9a4d1,C47805,-32.19,2026-01-30T18:51:03.764299,STORE_50
f7bb06cb-134c-41b8-802f-4503e6967728,C51332,488.87,2026-02-12T14:29:18.352988,STORE_17
c92d6fc9-9968-432b-a675-71b7cb51ed10,C90003,60.41,2026-01-28T19:08:23.814262,STORE_50
03f251cd-2abe-49cb-a807-5925c758f4d4,C61767,33.61,2026-02-05T20:18:16.694830,STORE_39
23546dc4-3485-4ba8-8c8f-1f4d18ccbd50,C67458,210.02,2026-01-18T20:16:55.382530,STORE_39
98c43417-d2f3-4ee4-9737-83ac822189cd,C67161,378.67,2026-02-08T09:05:39.366586,STORE_41
a37b254e-ddbf-46ed-92ab-c2f94f959705,C59612,117.54,2026-01-14T10:42:44.114606,STORE_41
c06c2020-35be-4f7c-b93a-6cf37c47123c,C70858,353.95,2026-02-01T10:36:01.554720,STORE_24
8ea129c6-9691-409d-b0a8-41ad1a536ee2,C65408,469.53,2026-01-28T10:14:22.397595,STORE_49
e00db2a5-4067-4f5f-a432-f443052bbfd4,C78648,271.29,2026-01-08T13:11:35.627726,STORE_19
ecede203-a97d-4140-bd30-c0ff24fcd255,C18769,313.07,2026-02-16T17:46:59.223710,STORE_49
c5cb7a2e-bcd4-4aaf-a96c-dee012e55482,C83586,213.09,2026-02-06T06:36:10.997738,STORE_6
cd04a106-5629-41b4-9e5b-5b305e3bbc9d,C53640,176.37,2026-01-28T07:01:57.659425,STORE_13
02512be3-e41d-4ecc-9182-5c14926302d9,C62380,302.74,2026-01-30T22:22:28.750834,STORE_5
94b5b735-c6f8-4c3a-bb8d-547e76f015f1,C78629,255.77,2026-01-20T14:07:00.859962,STORE_50
65479689-d2ad-4c5c-a2e8-a759f7b75012,C59550,424.77,2026-01-22T20:56:54.830638,STORE_21
301096a6-6574-430a-b8ed-ec7d71b179d0,C77576,344.26,2026-01-07T13:10:40.816931,STORE_24
e6336d44-fa30-438b-bcdf-f2cbfd62100d,C44267,-16.48,2026-01-29T13:10:55.922695,STORE_11
97bba419-bb58-45e2-a633-af580f033821,C21307,82.08,2026-02-09T21:16:18.852000,STORE_12
6ef38ea0-7bb1-4fd3-a06c-7d5028ecdbe2,C44472,82.03,2026-01-23T06:32:38.038390,STORE_41
a6980cbe-f5a6-4714-9b5a-4e9ba5c5d886,C48592,68.16,2026-01-04T18:56:34.170141,STORE_50
1b80f0d0-d0c8-4611-acfa-6597918b5c35,C60546,457.63,2026-02-04T00:15:22.441520,STORE_48
7eb9d3dc-b397-42f9-be6f-d915add2bb9f,C65405,37.89,2026-02-01T11:23:55.385630,STORE_10
bb0691d8-f57d-4140-9365-4b53715c83b2,C45192,6.13,2026-01-10T03:20:49.044307,STORE_43
da2c9963-c5c7-4085-b1e9-0ab5928956f6,C90476,203.7,2026-01-27T15:26:02.794269,STORE_34
7264a037-65b4-4924-8f5f-23d22633b57a,C99417,159.35,2026-01-25T12:38:37.216174,STORE_48
05d411a7-106b-4d26-b819-a5eb3e5200cf,C98769,273.16,2026-01-12T12:15:18.573454,STORE_30
6175cac4-33da-40a4-90e9-bd616b45cfe2,C75459,22.06,2026-01-07T22:21:19.844853,STORE_50
3035b291-c2d6-4cad-87d2-2bd444706b41,C33263,210.41,2026-01-16T06:32:48.797731,STORE_44
853a2654-3cc1-40a7-8472-56232fa68b31,C65709,228.83,2026-01-29T14:32:41.132445,STORE_2
b32e2918-04d9-4519-8333-f444790d5ed6,C46502,77.88,2026-01-18T01:50:58.816468,STORE_5
ba8c86c5-ceaa-46a0-9cfa-7b4e445f3eda,C15628,185.06,2026-01-24T23:20:52.192850,STORE_35
9af84def-b9f9-40fb-91fa-ec284113167d,C78537,-5.86,2026-01-19T20:05:33.228317,STORE_15
9f1cba18-95d7-4160-9f62-b2a3beff2d17,C87188,-47.05,2026-02-14T17:04:01.509619,STORE_40
cc2d0ebd-1242-44ac-a6ea-920c1cee8037,C54382,202.1,2026-01-13T03:02:18.639637,STORE_39
70fe38d0-c3a4-405b-b674-90b2e28f799d,C77548,469.46,2026-02-16T06:49:01.857858,STORE_16
aec0650b-6671-4743-a8da-e5359238610b,C81989,133.14,2026-02-09T22:27:38.679790,STORE_47
c071935e-3791-4841-b851-0e65b4e5256d,C43402,150.78,2026-01-09T09:52:06.829948,STORE_43
2291dd35-bc37-495e-b6e6-d6db9bd75205,C14243,245.84,2026-02-12T14:05:53.828372,STORE_12
57bb7b3f-4890-4191-a582-bd7999d0e7da,C55506,442.69,2026-01-07T11:11:21.727142,STORE_14
98b7f333-2264-460e-86f9-9474b403c553,C26059,153.14,2026-01-19T21:57:54.020517,STORE_36
315e93ae-0d55-40ef-947b-7e2a6187041c,C32193,443.07,2026-01-19T01:37:13.884591,STORE_19
DUPLICATE-ID,C54538,107.15,2026-01-03T12:51:47.468853,STORE_49
0e5a0f59-f497-42c6-9647-62c201bb3a81,C35299,228.91,2026-02-06T01:44:22.661832,STORE_5
917106c4-52c1-4219-a3db-1db9da58e999,C50194,161.8,2026-02-16T14:12:32.651304,STORE_34
DUPLICATE-ID,C76468,498.7,2026-01-19T18:24:00.025059,STORE_19
04bb0d67-92b7-4564-b2f8-7d0705447c53,C99989,193.7,2026-01-23T13:08:36.733298,STORE_6
a91d6e28-6904-4e84-b475-5935e719485f,C23011,184.9,2026-01-18T16:14:11.519495,STORE_41
5929ceeb-0dde-42b5-98e6-6c62c9f3f244,C55988,-30.52,2026-01-18T22:51:56.433927,STORE_38
c23bd6c2-b97f-4037-9f98-15f832c71d0b,C59778,457.28,2026-01-31T03:56:29.963034,STORE_50
DUPLICATE-ID,C10625,71.22,2026-01-15T10:55:40.549547,STORE_30
d965c8db-17e3-4cd8-9a9b-694f93d8132a,C30197,-41.24,2026-02-11T09:14:26.043581,STORE_4
886dd52f-c77d-4c08-a216-37321a690aa4,C82359,328.22,2026-02-11T10:58:29.358113,STORE_39
b9f2e54d-af29-4536-80bf-9711e39d3870,C46007,-11.73,2026-01-27T21:35:14.224424,STORE_11
ec6d0e6d-fd81-40e2-843f-17c60aa06b65,C57012,377.55,2026-02-03T04:10:57.514788,STORE_2
800372c7-d3b3-4579-8bba-2ad92299790c,C74476,173.23,2026-01-23T08:20:35.215618,STORE_9
689905d1-6d5a-44b4-aed4-0d816f7b4312,C97856,368.05,2026-01-02T15:15:04.698199,STORE_49
DUPLICATE-ID,C86903,-7.09,2026-01-04T13:36:25.089719,STORE_33
ccb27b83-35d7-49fb-8308-4d8ef668ec08,C94219,93.51,2026-01-30T11:44:44.374313,STORE_6
b128767a-f715-41a2-afa1-9dadf4d82273,C96752,190.79,2026-02-08T21:15:22.592633,STORE_1
09fca2bf-9c68-4804-813a-e0a687776c99,C55902,114.93,2026-01-21T04:17:49.736902,STORE_40
5e1aac14-b68e-476c-b4fc-18bddec78c5b,C20695,305.0,2026-01-17T13:37:32.836545,STORE_43
2de4a272-a742-4191-8b1d-12a087456280,C33053,89.6,2026-01-26T00:34:03.805639,STORE_50
8f9da2e5-f70a-43e0-9420-b7ea7517a187,C66644,265.16,2026-01-31T12:26:54.957313,STORE_1
358f46b6-465f-4519-85c4-e1e3e3fcc4a5,C11457,468.18,2026-02-12T16:03:03.866778,STORE_12
de009cf0-9cba-4549-a70e-b8b53f46f3a2,C66276,478.54,2026-02-02T12:59:34.500962,STORE_26
6a382351-737c-4996-9d8f-c0925ac8172d,C25154,58.97,2026-01-18T11:55:11.545378,STORE_45
76f3b287-84c4-4e8d-80e8-54d72c0e7c85,C36517,245.31,2026-02-08T02:35:17.095847,STORE_48
fde9d398-6533-4526-a28d-737052cb3eac,C41548,350.08,2026-02-10T13:41:02.559500,STORE_15
DUPLICATE-ID,C63376,345.44,2026-02-07T17:39:15.367880,STORE_18
b3aa2726-df74-43e3-8990-076d68ce5aec,C90513,291.55,2026-02-13T00:07:29.456737,STORE_29
c599806d-1c54-43c6-8b97-da87c3526831,C86370,126.38,2026-01-07T18:11:27.303658,STORE_42
f0e43992-79ba-4e7d-a2cf-a07f6575adc7,C66805,359.3,2026-01-25T07:03:39.810228,STORE_31
50908f9d-b4fd-41ec-a8a7-b7fcba4b0826,C35971,186.74,2026-01-25T14:35:54.303345,STORE_26
432f4cd9-a14d-4882-bd92-69ba58b60e9c,C84743,-0.62,2026-01-17T20:24:38.389336,STORE_26
b0b50037-1e44-4f96-979d-084388758c3e,C67300,456.25,2026-02-16T14:34:34.343665,STORE_8
70b16d51-8cda-4bc5-911f-ad2236fbd60e,C19461,273.64,2026-01-22T13:19:47.339706,STORE_41
6485e29b-5ffc-4362-a6e9-04c38d23d1bb,C51094,164.8,2026-01-23T21:45:58.886295,STORE_14
31f8d250-91dc-4c34-a39d-66343d2d9eb5,C70680,144.0,2026-01-12T14:26:42.259448,STORE_30
ac6e9388-4612-49d5-906d-2e2c8db7ff64,C58011,463.28,2026-02-03T04:38:53.773310,STORE_36
ea87c2c4-0c4c-4655-8a77-51b7c49faa2f,C61627,174.08,2026-01-09T21:20:25.773532,STORE_9
d6631727-c999-41ce-81f2-24dccc61c237,C30444,299.16,2026-01-23T21:12:02.276575,STORE_39
2634df51-0e63-461a-94ca-d916d23271d5,C58337,134.39,2026-02-13T06:59:16.989201,STORE_31
eb31a2fd-bb00-4c7d-a616-c6a41a18bdd5,C41642,126.92,2026-01-21T21:06:01.012454,STORE_36
a341ff92-69df-407f-9b35-d71e6c507b26,C34612,-26.34,2026-01-31T12:37:40.166575,STORE_34
bc75fa05-af24-4389-b3ae-fd1468214e55,C59861,280.95,2026-01-20T14:06:08.913636,STORE_45
69aacb34-cfdf-4ca3-a46a-898ed3df4ab0,C94077,335.3,2026-01-14T19:15:43.453646,STORE_30
b8de0ece-f32d-4b99-a410-c80614ba6c0d,C34378,436.17,2026-02-06T13:34:32.989705,STORE_34
35d406a0-ba33-4a6d-8a3e-b0ba966997de,C88718,153.51,2026-01-26T08:19:31.936871,STORE_21
48f95f03-0dab-46c7-a555-7ee285f895b8,C71745,159.96,2026-02-08T02:32:01.930529,STORE_5
dd175c02-63ad-400e-bb37-18165c37069f,C61145,-45.48,2026-01-15T19:17:59.620036,STORE_31
61ef37fd-d4f5-4451-b0ff-e82435cc17e4,C92575,222.54,2026-01-16T05:26:18.674422,STORE_2
77295f83-553e-42e6-87df-06ecfbaf9f9c,C63312,348.02,2026-02-06T17:17:55.819106,STORE_42
11d51086-c758-462c-bd0e-f9fabf02f257,C10763,135.31,2026-01-08T20:46:55.311306,STORE_4
2fbe0ad2-0692-4069-975c-ed44a5edc78e,C13495,158.59,2026-01-17T09:37:38.408199,STORE_19
337efb83-23b9-48bf-9aa7-b7bca1f89ff9,C28125,318.72,2026-01-21T02:28:27.284624,STORE_8
d1b64e66-4060-401c-aa17-49f308212ad4,C66883,324.25,2026-02-17T04:42:46.693295,STORE_3
88990b03-36b5-4eeb-aa15-32dfc33aefe1,C11869,337.7,2026-01-28T02:50:03.743047,STORE_42
428eb4fa-19a4-41c8-878c-6cd7f30efeee,C14188,417.07,2026-01-02T07:39:54.121008,STORE_33
0c6fd0af-8b52-4b0b-a07b-cb9aa5b77a0c,C40871,458.16,2026-01-27T16:29:59.035932,STORE_29
bc898d57-3f1f-4188-8b6e-9636767841f4,C18559,-1.6,2026-02-14T03:37:42.564802,STORE_30
DUPLICATE-ID,C20994,478.28,2026-01-14T07:49:02.888852,STORE_26
11e0022c-f434-4b30-869f-4e84b268b920,C88380,-41.5,2026-01-31T14:25:53.049186,STORE_37
d60bd6a3-2be9-4d1c-8324-f1ce8b7575df,C32178,477.92,2026-01-27T17:45:44.879367,STORE_1
22469a23-1699-4dfc-a6de-219c7d38a03d,C57366,142.05,2026-02-11T06:57:06.417996,STORE_29
50e4b4cf-ba84-4c75-aeb3-df115561e054,C19431,296.1,2026-02-08T05:38:31.450747,STORE_15
fc6c1137-a73a-4ebf-99de-a26e551170d9,C78178,187.3,2026-01-14T23:21:45.870260,STORE_47
7390840a-2f84-4952-be1a-a76286549e7d,C34448,-26.58,2026-02-06T16:29:45.394815,STORE_25
2b75c1ed-dff5-4ab7-b009-61e2647fd399,C82206,-11.59,2026-02-18T02:06:13.625072,STORE_6
c0e874d6-9708-485e-a1d8-d08af13ff526,C55897,233.28,2026-02-18T02:26:45.168293,STORE_26
a2b077bb-d3dc-4d04-ab46-1a4b52eab90f,C82243,102.61,2026-01-08T03:58:57.403999,STORE_44
DUPLICATE-ID,C18063,456.15,2026-01-09T12:10:43.615041,STORE_17
2378ea63-e9dd-446d-8c1b-8963bbd67f9a,C91490,193.16,2026-02-08T00:05:05.604383,STORE_26
d09b3ea2-1e3e-4306-bfed-2e55b96197f2,C74395,385.38,2026-01-23T17:57:32.378395,STORE_50
c88c0cc8-ad7c-423b-ad9b-0cfaa4e99088,C93339,41.48,2026-01-19T17:49:02.200405,STORE_31
1571d3af-6598-45e1-be1a-4eaa8ebcfe13,C81426,204.21,2026-02-07T23:15:11.340973,STORE_23
940bfe95-b252-497d-954e-2819e17b1867,C48126,334.23,2026-01-01T06:42:59.084668,STORE_26
4a8598de-b5bd-4127-8d63-45292d1f4333,C26797,88.06,2026-01-17T12:17:40.855380,STORE_10
cc782e99-65bd-448f-afe2-84ad63ca7285,C90887,389.46,2026-02-13T16:49:08.652605,STORE_12
154f69a5-0572-44d8-8450-799857eb5fcd,C75457,493.24,2026-01-16T18:18:45.189495,STORE_22
d4944e8f-e7eb-4928-b174-600951a05742,C40624,382.51,2026-01-20T21:53:27.616942,STORE_41
d4541a05-e20d-4d16-b888-f9174c1fedc2,C17619,398.57,2026-01-28T01:56:28.521410,STORE_25
f01cb32b-d728-407f-9afd-83a312c2a7ee,C88813,336.57,2026-01-02T23:47:11.894820,STORE_36
a835a74f-666b-4723-a51d-29b593774269,C68894,370.97,2026-01-20T17:19:08.737220,STORE_33
a136151d-5724-4e9e-a045-9d5d1cb95070,C11567,73.82,2026-02-15T23:03:23.600215,STORE_20
0e44d12b-10d0-4458-8971-96d6801b7891,C84359,99.45,2026-01-07T03:09:04.079005,STORE_46
887d227b-e783-4e55-988e-ba0e7ae6f453,C84581,59.81,2026-02-07T21:37:11.047706,STORE_12
71ef52b4-d1f9-4bbc-a93f-b747fd406a84,C11883,384.64,2026-01-11T18:15:36.240552,STORE_16
248cba15-ab24-43e1-871b-bb6b56f84163,C16986,121.56,2026-02-05T11:47:07.983666,STORE_19
821145d4-2dae-4986-b7b7-396577a90b70,C48270,422.92,2026-01-07T21:32:44.142805,STORE_7
63adfac6-77a4-4078-9b65-2ce2a58a58a1,C43540,250.06,2026-02-09T17:32:03.007141,STORE_31
5d22184f-6381-4217-b03f-0611eea72adf,C36383,309.18,2026-02-08T12:58:03.647743,STORE_39
d182da83-2053-4e68-bdd4-4292bc555de6,C55083,427.19,2026-02-15T07:29:44.798471,STORE_2
3a58f4de-d311-48ca-89c3-3b9f66b8eb60,C10168,281.65,2026-01-23T06:16:38.184924,STORE_6
